Current Test,,,,,,,,.,,,.,,
Level 3,,,,,,,,,Level 2,,,Total Tests,
Win,,,,Mac,,,,,Win,Mac,,Level 2,Level 3
Success,Fail,N/A,Not Tested,Success,Fail,N/A,Not Tested,,,,,197,1285
,Installing and Activating,,,,,,,,,,,,
,Installation,,,,,,,,,,,,
TRUE,FALSE,FALSE,FALSE,TRUE,FALSE,FALSE,FALSE,,,FALSE,,,
TRUE,FALSE,FALSE,FALSE,TRUE,FALSE,FALSE,FALSE,,,TRUE,,,
FALSE,FALSE,FALSE,TRUE,FALSE,FALSE,FALSE,TRUE,,,,,,
FALSE,FALSE,FALSE,TRUE,FALSE,FALSE,FALSE,TRUE,,,,,,
FALSE,FALSE,FALSE,TRUE,FALSE,FALSE,FALSE,TRUE,,,,,,
FALSE,FALSE,FALSE,TRUE,FALSE,FALSE,FALSE,TRUE,,,,,,
FALSE,FALSE,FALSE,TRUE,FALSE,FALSE,FALSE,TRUE,,,,,,
FALSE,FALSE,FALSE,TRUE,FALSE,FALSE,FALSE,TRUE,,,,,,
,Activation,,,,,,,,,,,,
,Set 1,,,,,,,,,,,,
FALSE,FALSE,FALSE,TRUE,FALSE,FALSE,FALSE,TRUE,,,,,,
FALSE,FALSE,FALSE,TRUE,FALSE,FALSE,FALSE,TRUE,,,,,,
FALSE,FALSE,FALSE,TRUE,FALSE,FALSE,FALSE,TRUE,,,,,,
FALSE,FALSE,FALSE,TRUE,FALSE,FALSE,FALSE,TRUE,,,,,,
,Set 2,,,,,,,,,,,,
FALSE,FALSE,FALSE,TRUE,FALSE,FALSE,FALSE,TRUE,,,,,,
FALSE,FALSE,FALSE,TRUE,FALSE,FALSE,FALSE,TRUE,,,,,,
,File Support,,,,,,,,,,,,
,Open,,,,,,,,,,,,
FALSE,FALSE,FALSE,TRUE,FALSE,FALSE,FALSE,TRUE,,,,,,
FALSE,FALSE,FALSE,TRUE,FALSE,FALSE,FALSE,TRUE,,,,,,
FALSE,FALSE,FALSE,TRUE,FALSE,FALSE,FALSE,TRUE,,,,,,
FALSE,FALSE,FALSE,TRUE,FALSE,FALSE,FALSE,TRUE,,,,,,
FALSE,FALSE,FALSE,TRUE,FALSE,FALSE,FALSE,TRUE,,,,,,
FALSE,FALSE,FALSE,TRUE,FALSE,FALSE,FALSE,TRUE,,,,,,
FALSE,FALSE,FALSE,TRUE,FALSE,FALSE,FALSE,TRUE,,,,,,
FALSE,FALSE,FALSE,TRUE,FALSE,FALSE,FALSE,TRUE,,,,,,
FALSE,FALSE,FALSE,TRUE,FALSE,FALSE,FALSE,TRUE,,,,,,
FALSE,FALSE,FALSE,TRUE,FALSE,FALSE,FALSE,TRUE,,,,,,
FALSE,FALSE,FALSE,TRUE,FALSE,FALSE,FALSE,TRUE,,,,,,
FALSE,FALSE,FALSE,TRUE,FALSE,FALSE,FALSE,TRUE,,,,,,
FALSE,FALSE,FALSE,TRUE,FALSE,FALSE,FALSE,TRUE,,,,,,
FALSE,FALSE,FALSE,TRUE,FALSE,FALSE,FALSE,TRUE,,,,,,
FALSE,FALSE,FALSE,TRUE,FALSE,FALSE,FALSE,TRUE,,,,,,
FALSE,FALSE,FALSE,TRUE,FALSE,FALSE,FALSE,TRUE,,,,,,
FALSE,FALSE,FALSE,TRUE,FALSE,FALSE,FALSE,TRUE,,,,,,
FALSE,FALSE,FALSE,TRUE,FALSE,FALSE,FALSE,TRUE,,,,,,
FALSE,FALSE,FALSE,TRUE,FALSE,FALSE,FALSE,TRUE,,,,,,
,Merge,,,,,,,,,,,,
FALSE,FALSE,FALSE,TRUE,FALSE,FALSE,FALSE,TRUE,,,,,,
FALSE,FALSE,FALSE,TRUE,FALSE,FALSE,FALSE,TRUE,,,,,,
FALSE,FALSE,FALSE,TRUE,FALSE,FALSE,FALSE,TRUE,,,,,,
FALSE,FALSE,FALSE,TRUE,FALSE,FALSE,FALSE,TRUE,,,,,,
FALSE,FALSE,FALSE,TRUE,FALSE,FALSE,FALSE,TRUE,,,,,,
FALSE,FALSE,FALSE,TRUE,FALSE,FALSE,FALSE,TRUE,,,,,,
FALSE,FALSE,FALSE,TRUE,FALSE,FALSE,FALSE,TRUE,,,,,,
FALSE,FALSE,FALSE,TRUE,FALSE,FALSE,FALSE,TRUE,,,,,,
FALSE,FALSE,FALSE,TRUE,FALSE,FALSE,FALSE,TRUE,,,,,,
FALSE,FALSE,FALSE,TRUE,FALSE,FALSE,FALSE,TRUE,,,,,,
FALSE,FALSE,FALSE,TRUE,FALSE,FALSE,FALSE,TRUE,,,,,,
FALSE,FALSE,FALSE,TRUE,FALSE,FALSE,FALSE,TRUE,,,,,,
FALSE,FALSE,FALSE,TRUE,FALSE,FALSE,FALSE,TRUE,,,,,,
FALSE,FALSE,FALSE,TRUE,FALSE,FALSE,FALSE,TRUE,,,,,,
FALSE,FALSE,FALSE,TRUE,FALSE,FALSE,FALSE,TRUE,,,,,,
FALSE,FALSE,FALSE,TRUE,FALSE,FALSE,FALSE,TRUE,,,,,,
FALSE,FALSE,FALSE,TRUE,FALSE,FALSE,FALSE,TRUE,,,,,,
FALSE,FALSE,FALSE,TRUE,FALSE,FALSE,FALSE,TRUE,,,,,,
FALSE,FALSE,FALSE,TRUE,FALSE,FALSE,FALSE,TRUE,,,,,,
,Drag and Drop,,,,,,,,,,,,
FALSE,FALSE,FALSE,TRUE,FALSE,FALSE,FALSE,TRUE,,,,,,
FALSE,FALSE,FALSE,TRUE,FALSE,FALSE,FALSE,TRUE,,,,,,
FALSE,FALSE,FALSE,TRUE,FALSE,FALSE,FALSE,TRUE,,,,,,
FALSE,FALSE,FALSE,TRUE,FALSE,FALSE,FALSE,TRUE,,,,,,
FALSE,FALSE,FALSE,TRUE,FALSE,FALSE,FALSE,TRUE,,,,,,
FALSE,FALSE,FALSE,TRUE,FALSE,FALSE,FALSE,TRUE,,,,,,
FALSE,FALSE,FALSE,TRUE,FALSE,FALSE,FALSE,TRUE,,,,,,
FALSE,FALSE,FALSE,TRUE,FALSE,FALSE,FALSE,TRUE,,,,,,
FALSE,FALSE,FALSE,TRUE,FALSE,FALSE,FALSE,TRUE,,,,,,
FALSE,FALSE,FALSE,TRUE,FALSE,FALSE,FALSE,TRUE,,,,,,
FALSE,FALSE,FALSE,TRUE,FALSE,FALSE,FALSE,TRUE,,,,,,
FALSE,FALSE,FALSE,TRUE,FALSE,FALSE,FALSE,TRUE,,,,,,
FALSE,FALSE,FALSE,TRUE,FALSE,FALSE,FALSE,TRUE,,,,,,
FALSE,FALSE,FALSE,TRUE,FALSE,FALSE,FALSE,TRUE,,,,,,
FALSE,FALSE,FALSE,TRUE,FALSE,FALSE,FALSE,TRUE,,,,,,
FALSE,FALSE,FALSE,TRUE,FALSE,FALSE,FALSE,TRUE,,,,,,
FALSE,FALSE,FALSE,TRUE,FALSE,FALSE,FALSE,TRUE,,,,,,
FALSE,FALSE,FALSE,TRUE,FALSE,FALSE,FALSE,TRUE,,,,,,
FALSE,FALSE,FALSE,TRUE,FALSE,FALSE,FALSE,TRUE,,,,,,
,Double Click,,,,,,,,,,,,
FALSE,FALSE,FALSE,TRUE,FALSE,FALSE,FALSE,TRUE,,,,,,
FALSE,FALSE,FALSE,TRUE,FALSE,FALSE,FALSE,TRUE,,,,,,
,Save,,,,,,,,,,,,
FALSE,FALSE,FALSE,TRUE,FALSE,FALSE,FALSE,TRUE,,,,,,
,Save As,,,,,,,,,,,,
FALSE,FALSE,FALSE,TRUE,FALSE,FALSE,FALSE,TRUE,,,,,,
FALSE,FALSE,FALSE,TRUE,FALSE,FALSE,FALSE,TRUE,,,,,,
FALSE,FALSE,FALSE,TRUE,FALSE,FALSE,FALSE,TRUE,,,,,,
,Save Selection,,,,,,,,,,,,
FALSE,FALSE,FALSE,TRUE,FALSE,FALSE,FALSE,TRUE,,,,,,
FALSE,FALSE,FALSE,TRUE,FALSE,FALSE,FALSE,TRUE,,,,,,
,Export SVG,,,,,,,,,,,,
FALSE,FALSE,FALSE,TRUE,FALSE,FALSE,FALSE,TRUE,,,,,,
FALSE,FALSE,FALSE,TRUE,FALSE,FALSE,FALSE,TRUE,,,,,,
FALSE,FALSE,FALSE,TRUE,FALSE,FALSE,FALSE,TRUE,,,,,,
,Export PDF,,,,,,,,,,,,
FALSE,FALSE,FALSE,TRUE,FALSE,FALSE,FALSE,TRUE,,,,,,
FALSE,FALSE,FALSE,TRUE,FALSE,FALSE,FALSE,TRUE,,,,,,
FALSE,FALSE,FALSE,TRUE,FALSE,FALSE,FALSE,TRUE,,,,,,
,Export JPEG,,,,,,,,,,,,
FALSE,FALSE,FALSE,TRUE,FALSE,FALSE,FALSE,TRUE,,,,,,
FALSE,FALSE,FALSE,TRUE,FALSE,FALSE,FALSE,TRUE,,,,,,
FALSE,FALSE,FALSE,TRUE,FALSE,FALSE,FALSE,TRUE,,,,,,
FALSE,FALSE,FALSE,TRUE,FALSE,FALSE,FALSE,TRUE,,,,,,
FALSE,FALSE,FALSE,TRUE,FALSE,FALSE,FALSE,TRUE,,,,,,
,Recovered Docs,,,,,,,,,,,,
FALSE,FALSE,FALSE,TRUE,FALSE,FALSE,FALSE,TRUE,,,,,,
,Recover file types,,,,,,,,,,,,
FALSE,FALSE,FALSE,TRUE,FALSE,FALSE,FALSE,TRUE,,,,,,
FALSE,FALSE,FALSE,TRUE,FALSE,FALSE,FALSE,TRUE,,,,,,
FALSE,FALSE,FALSE,TRUE,FALSE,FALSE,FALSE,TRUE,,,,,,
FALSE,FALSE,FALSE,TRUE,FALSE,FALSE,FALSE,TRUE,,,,,,
FALSE,FALSE,FALSE,TRUE,FALSE,FALSE,FALSE,TRUE,,,,,,
FALSE,FALSE,FALSE,TRUE,FALSE,FALSE,FALSE,TRUE,,,,,,
FALSE,FALSE,FALSE,TRUE,FALSE,FALSE,FALSE,TRUE,,,,,,
FALSE,FALSE,FALSE,TRUE,FALSE,FALSE,FALSE,TRUE,,,,,,
FALSE,FALSE,FALSE,TRUE,FALSE,FALSE,FALSE,TRUE,,,,,,
FALSE,FALSE,FALSE,TRUE,FALSE,FALSE,FALSE,TRUE,,,,,,
FALSE,FALSE,FALSE,TRUE,FALSE,FALSE,FALSE,TRUE,,,,,,
FALSE,FALSE,FALSE,TRUE,FALSE,FALSE,FALSE,TRUE,,,,,,
FALSE,FALSE,FALSE,TRUE,FALSE,FALSE,FALSE,TRUE,,,,,,
FALSE,FALSE,FALSE,TRUE,FALSE,FALSE,FALSE,TRUE,,,,,,
FALSE,FALSE,FALSE,TRUE,FALSE,FALSE,FALSE,TRUE,,,,,,
FALSE,FALSE,FALSE,TRUE,FALSE,FALSE,FALSE,TRUE,,,,,,
FALSE,FALSE,FALSE,TRUE,FALSE,FALSE,FALSE,TRUE,,,,,,
FALSE,FALSE,FALSE,TRUE,FALSE,FALSE,FALSE,TRUE,,,,,,
FALSE,FALSE,FALSE,TRUE,FALSE,FALSE,FALSE,TRUE,,,,,,
,Design,,,,,,,,,,,,
,Line Tools,,,,,,,,,,,,
,Line,,,,,,,,,,,,
FALSE,FALSE,FALSE,TRUE,FALSE,FALSE,FALSE,TRUE,,,,,,
FALSE,FALSE,FALSE,TRUE,FALSE,FALSE,FALSE,TRUE,,,,,,
FALSE,FALSE,FALSE,TRUE,FALSE,FALSE,FALSE,TRUE,,,,,,
,Poly-Line,,,,,,,,,,,,
FALSE,FALSE,FALSE,TRUE,FALSE,FALSE,FALSE,TRUE,,,,,,
FALSE,FALSE,FALSE,TRUE,FALSE,FALSE,FALSE,TRUE,,,,,,
,Curve,,,,,,,,,,,,
FALSE,FALSE,FALSE,TRUE,FALSE,FALSE,FALSE,TRUE,,,,,,
FALSE,FALSE,FALSE,TRUE,FALSE,FALSE,FALSE,TRUE,,,,,,
,Arc,,,,,,,,,,,,
FALSE,FALSE,FALSE,TRUE,FALSE,FALSE,FALSE,TRUE,,,,,,
FALSE,FALSE,FALSE,TRUE,FALSE,FALSE,FALSE,TRUE,,,,,,
,Polygon Tools,,,,,,,,,,,,
,Rectangle,,,,,,,,,,,,
FALSE,FALSE,FALSE,TRUE,FALSE,FALSE,FALSE,TRUE,,,,,,
FALSE,FALSE,FALSE,TRUE,FALSE,FALSE,FALSE,TRUE,,,,,,
FALSE,FALSE,FALSE,TRUE,FALSE,FALSE,FALSE,TRUE,,,,,,
,Rounded Rectangle,,,,,,,,,,,,
FALSE,FALSE,FALSE,TRUE,FALSE,FALSE,FALSE,TRUE,,,,,,
FALSE,FALSE,FALSE,TRUE,FALSE,FALSE,FALSE,TRUE,,,,,,
FALSE,FALSE,FALSE,TRUE,FALSE,FALSE,FALSE,TRUE,,,,,,
,Ellipse,,,,,,,,,,,,
FALSE,FALSE,FALSE,TRUE,FALSE,FALSE,FALSE,TRUE,,,,,,
FALSE,FALSE,FALSE,TRUE,FALSE,FALSE,FALSE,TRUE,,,,,,
FALSE,FALSE,FALSE,TRUE,FALSE,FALSE,FALSE,TRUE,,,,,,
,Regular Polygon,,,,,,,,,,,,
FALSE,FALSE,FALSE,TRUE,FALSE,FALSE,FALSE,TRUE,,,,,,
FALSE,FALSE,FALSE,TRUE,FALSE,FALSE,FALSE,TRUE,,,,,,
FALSE,FALSE,FALSE,TRUE,FALSE,FALSE,FALSE,TRUE,,,,,,
FALSE,FALSE,FALSE,TRUE,FALSE,FALSE,FALSE,TRUE,,,,,,
,Flexishapes,,,,,,,,,,,,
FALSE,FALSE,FALSE,TRUE,FALSE,FALSE,FALSE,TRUE,,,,,,
FALSE,FALSE,FALSE,TRUE,FALSE,FALSE,FALSE,TRUE,,,,,,
,Freehand Tools,,,,,,,,,,,,
,Freehand,,,,,,,,,,,,
FALSE,FALSE,FALSE,TRUE,FALSE,FALSE,FALSE,TRUE,,,,,,
FALSE,FALSE,FALSE,TRUE,FALSE,FALSE,FALSE,TRUE,,,,,,
,Freehand (Smoothing),,,,,,,,,,,,
FALSE,FALSE,FALSE,TRUE,FALSE,FALSE,FALSE,TRUE,,,,,,
FALSE,FALSE,FALSE,TRUE,FALSE,FALSE,FALSE,TRUE,,,,,,
FALSE,FALSE,FALSE,TRUE,FALSE,FALSE,FALSE,TRUE,,,,,,
,Lasso Tool,,,,,,,,,,,,
FALSE,FALSE,FALSE,TRUE,FALSE,FALSE,FALSE,TRUE,,,,,,
FALSE,FALSE,FALSE,TRUE,FALSE,FALSE,FALSE,TRUE,,,,,,
,Stickey Notes,,,,,,,,,,,,
FALSE,FALSE,FALSE,TRUE,FALSE,FALSE,FALSE,TRUE,,,,,,
FALSE,FALSE,FALSE,TRUE,FALSE,FALSE,FALSE,TRUE,,,,,,
FALSE,FALSE,FALSE,TRUE,FALSE,FALSE,FALSE,TRUE,,,,,,
,Erase and Knife Tools,,,,,,,,,,,,
FALSE,FALSE,FALSE,TRUE,FALSE,FALSE,FALSE,TRUE,,,,,,
FALSE,FALSE,FALSE,TRUE,FALSE,FALSE,FALSE,TRUE,,,,,,
FALSE,FALSE,FALSE,TRUE,FALSE,FALSE,FALSE,TRUE,,,,,,
FALSE,FALSE,FALSE,TRUE,FALSE,FALSE,FALSE,TRUE,,,,,,
FALSE,FALSE,FALSE,TRUE,FALSE,FALSE,FALSE,TRUE,,,,,,
FALSE,FALSE,FALSE,TRUE,FALSE,FALSE,FALSE,TRUE,,,,,,
FALSE,FALSE,FALSE,TRUE,FALSE,FALSE,FALSE,TRUE,,,,,,
FALSE,FALSE,FALSE,TRUE,FALSE,FALSE,FALSE,TRUE,,,,,,
FALSE,FALSE,FALSE,TRUE,FALSE,FALSE,FALSE,TRUE,,,,,,
FALSE,FALSE,FALSE,TRUE,FALSE,FALSE,FALSE,TRUE,,,,,,
FALSE,FALSE,FALSE,TRUE,FALSE,FALSE,FALSE,TRUE,,,,,,
FALSE,FALSE,FALSE,TRUE,FALSE,FALSE,FALSE,TRUE,,,,,,
FALSE,FALSE,FALSE,TRUE,FALSE,FALSE,FALSE,TRUE,,,,,,
FALSE,FALSE,FALSE,TRUE,FALSE,FALSE,FALSE,TRUE,,,,,,
FALSE,FALSE,FALSE,TRUE,FALSE,FALSE,FALSE,TRUE,,,,,,
FALSE,FALSE,FALSE,TRUE,FALSE,FALSE,FALSE,TRUE,,,,,,
,Erasers,,,,,,,,,,,,
FALSE,FALSE,FALSE,TRUE,FALSE,FALSE,FALSE,TRUE,,,,,,
FALSE,FALSE,FALSE,TRUE,FALSE,FALSE,FALSE,TRUE,,,,,,
FALSE,FALSE,FALSE,TRUE,FALSE,FALSE,FALSE,TRUE,,,,,,
FALSE,FALSE,FALSE,TRUE,FALSE,FALSE,FALSE,TRUE,,,,,,
FALSE,FALSE,FALSE,TRUE,FALSE,FALSE,FALSE,TRUE,,,,,,
,Select,,,,,,,,,,,,
FALSE,FALSE,FALSE,TRUE,FALSE,FALSE,FALSE,TRUE,,,,,,
FALSE,FALSE,FALSE,TRUE,FALSE,FALSE,FALSE,TRUE,,,,,,
,Text,,,,,,,,,,,,
FALSE,FALSE,FALSE,TRUE,FALSE,FALSE,FALSE,TRUE,,,,,,
,Point Editing,,,,,,,,,,,,
FALSE,FALSE,FALSE,TRUE,FALSE,FALSE,FALSE,TRUE,,,,,,
FALSE,FALSE,FALSE,TRUE,FALSE,FALSE,FALSE,TRUE,,,,,,
FALSE,FALSE,FALSE,TRUE,FALSE,FALSE,FALSE,TRUE,,,,,,
FALSE,FALSE,FALSE,TRUE,FALSE,FALSE,FALSE,TRUE,,,,,,
FALSE,FALSE,FALSE,TRUE,FALSE,FALSE,FALSE,TRUE,,,,,,
FALSE,FALSE,FALSE,TRUE,FALSE,FALSE,FALSE,TRUE,,,,,,
FALSE,FALSE,FALSE,TRUE,FALSE,FALSE,FALSE,TRUE,,,,,,
,Fill Colour,,,,,,,,,,,,
FALSE,FALSE,FALSE,TRUE,FALSE,FALSE,FALSE,TRUE,,,,,,
FALSE,FALSE,FALSE,TRUE,FALSE,FALSE,FALSE,TRUE,,,,,,
,Advanced,,,,,,,,,,,,
FALSE,FALSE,FALSE,TRUE,FALSE,FALSE,FALSE,TRUE,,,,,,
FALSE,FALSE,FALSE,TRUE,FALSE,FALSE,FALSE,TRUE,,,,,,
,Fill Gradient,,,,,,,,,,,,
FALSE,FALSE,FALSE,TRUE,FALSE,FALSE,FALSE,TRUE,,,,,,
FALSE,FALSE,FALSE,TRUE,FALSE,FALSE,FALSE,TRUE,,,,,,
,Advanced,,,,,,,,,,,,
FALSE,FALSE,FALSE,TRUE,FALSE,FALSE,FALSE,TRUE,,,,,,
FALSE,FALSE,FALSE,TRUE,FALSE,FALSE,FALSE,TRUE,,,,,,
FALSE,FALSE,FALSE,TRUE,FALSE,FALSE,FALSE,TRUE,,,,,,
FALSE,FALSE,FALSE,TRUE,FALSE,FALSE,FALSE,TRUE,,,,,,
,Fill Pattern,,,,,,,,,,,,
FALSE,FALSE,FALSE,TRUE,FALSE,FALSE,FALSE,TRUE,,,,,,
FALSE,FALSE,FALSE,TRUE,FALSE,FALSE,FALSE,TRUE,,,,,,
FALSE,FALSE,FALSE,TRUE,FALSE,FALSE,FALSE,TRUE,,,,,,
,Advanced,,,,,,,,,,,,
FALSE,FALSE,FALSE,TRUE,FALSE,FALSE,FALSE,TRUE,,,,,,
FALSE,FALSE,FALSE,TRUE,FALSE,FALSE,FALSE,TRUE,,,,,,
FALSE,FALSE,FALSE,TRUE,FALSE,FALSE,FALSE,TRUE,,,,,,
FALSE,FALSE,FALSE,TRUE,FALSE,FALSE,FALSE,TRUE,,,,,,
FALSE,FALSE,FALSE,TRUE,FALSE,FALSE,FALSE,TRUE,,,,,,
FALSE,FALSE,FALSE,TRUE,FALSE,FALSE,FALSE,TRUE,,,,,,
FALSE,FALSE,FALSE,TRUE,FALSE,FALSE,FALSE,TRUE,,,,,,
FALSE,FALSE,FALSE,TRUE,FALSE,FALSE,FALSE,TRUE,,,,,,
FALSE,FALSE,FALSE,TRUE,FALSE,FALSE,FALSE,TRUE,,,,,,
,Line Style,,,,,,,,,,,,
FALSE,FALSE,FALSE,TRUE,FALSE,FALSE,FALSE,TRUE,,,,,,
FALSE,FALSE,FALSE,TRUE,FALSE,FALSE,FALSE,TRUE,,,,,,
FALSE,FALSE,FALSE,TRUE,FALSE,FALSE,FALSE,TRUE,,,,,,
FALSE,FALSE,FALSE,TRUE,FALSE,FALSE,FALSE,TRUE,,,,,,
FALSE,FALSE,FALSE,TRUE,FALSE,FALSE,FALSE,TRUE,,,,,,
FALSE,FALSE,FALSE,TRUE,FALSE,FALSE,FALSE,TRUE,,,,,,
,Line Colour,,,,,,,,,,,,
FALSE,FALSE,FALSE,TRUE,FALSE,FALSE,FALSE,TRUE,,,,,,
FALSE,FALSE,FALSE,TRUE,FALSE,FALSE,FALSE,TRUE,,,,,,
,Advanced,,,,,,,,,,,,
FALSE,FALSE,FALSE,TRUE,FALSE,FALSE,FALSE,TRUE,,,,,,
FALSE,FALSE,FALSE,TRUE,FALSE,FALSE,FALSE,TRUE,,,,,,
,Effects,,,,,,,,,,,,
FALSE,FALSE,FALSE,TRUE,FALSE,FALSE,FALSE,TRUE,,,,,,
FALSE,FALSE,FALSE,TRUE,FALSE,FALSE,FALSE,TRUE,,,,,,
FALSE,FALSE,FALSE,TRUE,FALSE,FALSE,FALSE,TRUE,,,,,,
FALSE,FALSE,FALSE,TRUE,FALSE,FALSE,FALSE,TRUE,,,,,,
FALSE,FALSE,FALSE,TRUE,FALSE,FALSE,FALSE,TRUE,,,,,,
FALSE,FALSE,FALSE,TRUE,FALSE,FALSE,FALSE,TRUE,,,,,,
FALSE,FALSE,FALSE,TRUE,FALSE,FALSE,FALSE,TRUE,,,,,,
FALSE,FALSE,FALSE,TRUE,FALSE,FALSE,FALSE,TRUE,,,,,,
,Tint,,,,,,,,,,,,
FALSE,FALSE,FALSE,TRUE,FALSE,FALSE,FALSE,TRUE,,,,,,
FALSE,FALSE,FALSE,TRUE,FALSE,FALSE,FALSE,TRUE,,,,,,
FALSE,FALSE,FALSE,TRUE,FALSE,FALSE,FALSE,TRUE,,,,,,
,Shadows,,,,,,,,,,,,
FALSE,FALSE,FALSE,TRUE,FALSE,FALSE,FALSE,TRUE,,,,,,
FALSE,FALSE,FALSE,TRUE,FALSE,FALSE,FALSE,TRUE,,,,,,
FALSE,FALSE,FALSE,TRUE,FALSE,FALSE,FALSE,TRUE,,,,,,
FALSE,FALSE,FALSE,TRUE,FALSE,FALSE,FALSE,TRUE,,,,,,
FALSE,FALSE,FALSE,TRUE,FALSE,FALSE,FALSE,TRUE,,,,,,
FALSE,FALSE,FALSE,TRUE,FALSE,FALSE,FALSE,TRUE,,,,,,
FALSE,FALSE,FALSE,TRUE,FALSE,FALSE,FALSE,TRUE,,,,,,
FALSE,FALSE,FALSE,TRUE,FALSE,FALSE,FALSE,TRUE,,,,,,
FALSE,FALSE,FALSE,TRUE,FALSE,FALSE,FALSE,TRUE,,,,,,
FALSE,FALSE,FALSE,TRUE,FALSE,FALSE,FALSE,TRUE,,,,,,
,Text Style,,,,,,,,,,,,
FALSE,FALSE,FALSE,TRUE,FALSE,FALSE,FALSE,TRUE,,,,,,
FALSE,FALSE,FALSE,TRUE,FALSE,FALSE,FALSE,TRUE,,,,,,
FALSE,FALSE,FALSE,TRUE,FALSE,FALSE,FALSE,TRUE,,,,,,
FALSE,FALSE,FALSE,TRUE,FALSE,FALSE,FALSE,TRUE,,,,,,
FALSE,FALSE,FALSE,TRUE,FALSE,FALSE,FALSE,TRUE,,,,,,
FALSE,FALSE,FALSE,TRUE,FALSE,FALSE,FALSE,TRUE,,,,,,
FALSE,FALSE,FALSE,TRUE,FALSE,FALSE,FALSE,TRUE,,,,,,
FALSE,FALSE,FALSE,TRUE,FALSE,FALSE,FALSE,TRUE,,,,,,
FALSE,FALSE,FALSE,TRUE,FALSE,FALSE,FALSE,TRUE,,,,,,
FALSE,FALSE,FALSE,TRUE,FALSE,FALSE,FALSE,TRUE,,,,,,
FALSE,FALSE,FALSE,TRUE,FALSE,FALSE,FALSE,TRUE,,,,,,
FALSE,FALSE,FALSE,TRUE,FALSE,FALSE,FALSE,TRUE,,,,,,
FALSE,FALSE,FALSE,TRUE,FALSE,FALSE,FALSE,TRUE,,,,,,
,Glyphs,,,,,,,,,,,,
FALSE,FALSE,FALSE,TRUE,FALSE,FALSE,FALSE,TRUE,,,,,,
FALSE,FALSE,FALSE,TRUE,FALSE,FALSE,FALSE,TRUE,,,,,,
FALSE,FALSE,FALSE,TRUE,FALSE,FALSE,FALSE,TRUE,,,,,,
FALSE,FALSE,FALSE,TRUE,FALSE,FALSE,FALSE,TRUE,,,,,,
,Manual Font Creation,,,,,,,,,,,,
FALSE,FALSE,FALSE,TRUE,FALSE,FALSE,FALSE,TRUE,,,,,,
FALSE,FALSE,FALSE,TRUE,FALSE,FALSE,FALSE,TRUE,,,,,,
FALSE,FALSE,FALSE,TRUE,FALSE,FALSE,FALSE,TRUE,,,,,,
FALSE,FALSE,FALSE,TRUE,FALSE,FALSE,FALSE,TRUE,,,,,,
FALSE,FALSE,FALSE,TRUE,FALSE,FALSE,FALSE,TRUE,,,,,,
FALSE,FALSE,FALSE,TRUE,FALSE,FALSE,FALSE,TRUE,,,,,,
FALSE,FALSE,FALSE,TRUE,FALSE,FALSE,FALSE,TRUE,,,,,,
FALSE,FALSE,FALSE,TRUE,FALSE,FALSE,FALSE,TRUE,,,,,,
FALSE,FALSE,FALSE,TRUE,FALSE,FALSE,FALSE,TRUE,,,,,,
FALSE,FALSE,FALSE,TRUE,FALSE,FALSE,FALSE,TRUE,,,,,,
,Modify,,,,,,,,,,,,
,Trace,,,,,,,,,,,,
FALSE,FALSE,FALSE,TRUE,FALSE,FALSE,FALSE,TRUE,,,,,,
FALSE,FALSE,FALSE,TRUE,FALSE,FALSE,FALSE,TRUE,,,,,,
FALSE,FALSE,FALSE,TRUE,FALSE,FALSE,FALSE,TRUE,,,,,,
FALSE,FALSE,FALSE,TRUE,FALSE,FALSE,FALSE,TRUE,,,,,,
FALSE,FALSE,FALSE,TRUE,FALSE,FALSE,FALSE,TRUE,,,,,,
FALSE,FALSE,FALSE,TRUE,FALSE,FALSE,FALSE,TRUE,,,,,,
FALSE,FALSE,FALSE,TRUE,FALSE,FALSE,FALSE,TRUE,,,,,,
FALSE,FALSE,FALSE,TRUE,FALSE,FALSE,FALSE,TRUE,,,,,,
,Trace by Colour,,,,,,,,,,,,
FALSE,FALSE,FALSE,TRUE,FALSE,FALSE,FALSE,TRUE,,,,,,
FALSE,FALSE,FALSE,TRUE,FALSE,FALSE,FALSE,TRUE,,,,,,
,Magnet Trace,,,,,,,,,,,,
FALSE,FALSE,FALSE,TRUE,FALSE,FALSE,FALSE,TRUE,,,,,,
FALSE,FALSE,FALSE,TRUE,FALSE,FALSE,FALSE,TRUE,,,,,,
,Transform,,,,,,,,,,,,
,Move,,,,,,,,,,,,
FALSE,FALSE,FALSE,TRUE,FALSE,FALSE,FALSE,TRUE,,,,,,
FALSE,FALSE,FALSE,TRUE,FALSE,FALSE,FALSE,TRUE,,,,,,
FALSE,FALSE,FALSE,TRUE,FALSE,FALSE,FALSE,TRUE,,,,,,
FALSE,FALSE,FALSE,TRUE,FALSE,FALSE,FALSE,TRUE,,,,,,
FALSE,FALSE,FALSE,TRUE,FALSE,FALSE,FALSE,TRUE,,,,,,
FALSE,FALSE,FALSE,TRUE,FALSE,FALSE,FALSE,TRUE,,,,,,
FALSE,FALSE,FALSE,TRUE,FALSE,FALSE,FALSE,TRUE,,,,,,
FALSE,FALSE,FALSE,TRUE,FALSE,FALSE,FALSE,TRUE,,,,,,
FALSE,FALSE,FALSE,TRUE,FALSE,FALSE,FALSE,TRUE,,,,,,
,Scale,,,,,,,,,,,,
FALSE,FALSE,FALSE,TRUE,FALSE,FALSE,FALSE,TRUE,,,,,,
FALSE,FALSE,FALSE,TRUE,FALSE,FALSE,FALSE,TRUE,,,,,,
FALSE,FALSE,FALSE,TRUE,FALSE,FALSE,FALSE,TRUE,,,,,,
FALSE,FALSE,FALSE,TRUE,FALSE,FALSE,FALSE,TRUE,,,,,,
FALSE,FALSE,FALSE,TRUE,FALSE,FALSE,FALSE,TRUE,,,,,,
FALSE,FALSE,FALSE,TRUE,FALSE,FALSE,FALSE,TRUE,,,,,,
FALSE,FALSE,FALSE,TRUE,FALSE,FALSE,FALSE,TRUE,,,,,,
FALSE,FALSE,FALSE,TRUE,FALSE,FALSE,FALSE,TRUE,,,,,,
,Rotate,,,,,,,,,,,,
FALSE,FALSE,FALSE,TRUE,FALSE,FALSE,FALSE,TRUE,,,,,,
FALSE,FALSE,FALSE,TRUE,FALSE,FALSE,FALSE,TRUE,,,,,,
FALSE,FALSE,FALSE,TRUE,FALSE,FALSE,FALSE,TRUE,,,,,,
FALSE,FALSE,FALSE,TRUE,FALSE,FALSE,FALSE,TRUE,,,,,,
FALSE,FALSE,FALSE,TRUE,FALSE,FALSE,FALSE,TRUE,,,,,,
FALSE,FALSE,FALSE,TRUE,FALSE,FALSE,FALSE,TRUE,,,,,,
FALSE,FALSE,FALSE,TRUE,FALSE,FALSE,FALSE,TRUE,,,,,,
FALSE,FALSE,FALSE,TRUE,FALSE,FALSE,FALSE,TRUE,,,,,,
FALSE,FALSE,FALSE,TRUE,FALSE,FALSE,FALSE,TRUE,,,,,,
FALSE,FALSE,FALSE,TRUE,FALSE,FALSE,FALSE,TRUE,,,,,,
FALSE,FALSE,FALSE,TRUE,FALSE,FALSE,FALSE,TRUE,,,,,,
,Align,,,,,,,,,,,,
FALSE,FALSE,FALSE,TRUE,FALSE,FALSE,FALSE,TRUE,,,,,,
FALSE,FALSE,FALSE,TRUE,FALSE,FALSE,FALSE,TRUE,,,,,,
FALSE,FALSE,FALSE,TRUE,FALSE,FALSE,FALSE,TRUE,,,,,,
FALSE,FALSE,FALSE,TRUE,FALSE,FALSE,FALSE,TRUE,,,,,,
FALSE,FALSE,FALSE,TRUE,FALSE,FALSE,FALSE,TRUE,,,,,,
FALSE,FALSE,FALSE,TRUE,FALSE,FALSE,FALSE,TRUE,,,,,,
FALSE,FALSE,FALSE,TRUE,FALSE,FALSE,FALSE,TRUE,,,,,,
FALSE,FALSE,FALSE,TRUE,FALSE,FALSE,FALSE,TRUE,,,,,,
FALSE,FALSE,FALSE,TRUE,FALSE,FALSE,FALSE,TRUE,,,,,,
,Shear,,,,,,,,,,,,
FALSE,FALSE,FALSE,TRUE,FALSE,FALSE,FALSE,TRUE,,,,,,
FALSE,FALSE,FALSE,TRUE,FALSE,FALSE,FALSE,TRUE,,,,,,
FALSE,FALSE,FALSE,TRUE,FALSE,FALSE,FALSE,TRUE,,,,,,
FALSE,FALSE,FALSE,TRUE,FALSE,FALSE,FALSE,TRUE,,,,,,
FALSE,FALSE,FALSE,TRUE,FALSE,FALSE,FALSE,TRUE,,,,,,
FALSE,FALSE,FALSE,TRUE,FALSE,FALSE,FALSE,TRUE,,,,,,
FALSE,FALSE,FALSE,TRUE,FALSE,FALSE,FALSE,TRUE,,,,,,
FALSE,FALSE,FALSE,TRUE,FALSE,FALSE,FALSE,TRUE,,,,,,
FALSE,FALSE,FALSE,TRUE,FALSE,FALSE,FALSE,TRUE,,,,,,
FALSE,FALSE,FALSE,TRUE,FALSE,FALSE,FALSE,TRUE,,,,,,
FALSE,FALSE,FALSE,TRUE,FALSE,FALSE,FALSE,TRUE,,,,,,
FALSE,FALSE,FALSE,TRUE,FALSE,FALSE,FALSE,TRUE,,,,,,
FALSE,FALSE,FALSE,TRUE,FALSE,FALSE,FALSE,TRUE,,,,,,
,Replicate,,,,,,,,,,,,
,Basic Replication,,,,,,,,,,,,
FALSE,FALSE,FALSE,TRUE,FALSE,FALSE,FALSE,TRUE,,,,,,
FALSE,FALSE,FALSE,TRUE,FALSE,FALSE,FALSE,TRUE,,,,,,
FALSE,FALSE,FALSE,TRUE,FALSE,FALSE,FALSE,TRUE,,,,,,
FALSE,FALSE,FALSE,TRUE,FALSE,FALSE,FALSE,TRUE,,,,,,
FALSE,FALSE,FALSE,TRUE,FALSE,FALSE,FALSE,TRUE,,,,,,
FALSE,FALSE,FALSE,TRUE,FALSE,FALSE,FALSE,TRUE,,,,,,
FALSE,FALSE,FALSE,TRUE,FALSE,FALSE,FALSE,TRUE,,,,,,
FALSE,FALSE,FALSE,TRUE,FALSE,FALSE,FALSE,TRUE,,,,,,
FALSE,FALSE,FALSE,TRUE,FALSE,FALSE,FALSE,TRUE,,,,,,
FALSE,FALSE,FALSE,TRUE,FALSE,FALSE,FALSE,TRUE,,,,,,
FALSE,FALSE,FALSE,TRUE,FALSE,FALSE,FALSE,TRUE,,,,,,
FALSE,FALSE,FALSE,TRUE,FALSE,FALSE,FALSE,TRUE,,,,,,
FALSE,FALSE,FALSE,TRUE,FALSE,FALSE,FALSE,TRUE,,,,,,
FALSE,FALSE,FALSE,TRUE,FALSE,FALSE,FALSE,TRUE,,,,,,
FALSE,FALSE,FALSE,TRUE,FALSE,FALSE,FALSE,TRUE,,,,,,
FALSE,FALSE,FALSE,TRUE,FALSE,FALSE,FALSE,TRUE,,,,,,
FALSE,FALSE,FALSE,TRUE,FALSE,FALSE,FALSE,TRUE,,,,,,
,Custom Replication,,,,,,,,,,,,
FALSE,FALSE,FALSE,TRUE,FALSE,FALSE,FALSE,TRUE,,,,,,
FALSE,FALSE,FALSE,TRUE,FALSE,FALSE,FALSE,TRUE,,,,,,
FALSE,FALSE,FALSE,TRUE,FALSE,FALSE,FALSE,TRUE,,,,,,
FALSE,FALSE,FALSE,TRUE,FALSE,FALSE,FALSE,TRUE,,,,,,
FALSE,FALSE,FALSE,TRUE,FALSE,FALSE,FALSE,TRUE,,,,,,
FALSE,FALSE,FALSE,TRUE,FALSE,FALSE,FALSE,TRUE,,,,,,
FALSE,FALSE,FALSE,TRUE,FALSE,FALSE,FALSE,TRUE,,,,,,
FALSE,FALSE,FALSE,TRUE,FALSE,FALSE,FALSE,TRUE,,,,,,
FALSE,FALSE,FALSE,TRUE,FALSE,FALSE,FALSE,TRUE,,,,,,
FALSE,FALSE,FALSE,TRUE,FALSE,FALSE,FALSE,TRUE,,,,,,
FALSE,FALSE,FALSE,TRUE,FALSE,FALSE,FALSE,TRUE,,,,,,
,Modify,,,,,,,,,,,,
FALSE,FALSE,FALSE,TRUE,FALSE,FALSE,FALSE,TRUE,,,,,,
FALSE,FALSE,FALSE,TRUE,FALSE,FALSE,FALSE,TRUE,,,,,,
FALSE,FALSE,FALSE,TRUE,FALSE,FALSE,FALSE,TRUE,,,,,,
FALSE,FALSE,FALSE,TRUE,FALSE,FALSE,FALSE,TRUE,,,,,,
FALSE,FALSE,FALSE,TRUE,FALSE,FALSE,FALSE,TRUE,,,,,,
FALSE,FALSE,FALSE,TRUE,FALSE,FALSE,FALSE,TRUE,,,,,,
FALSE,FALSE,FALSE,TRUE,FALSE,FALSE,FALSE,TRUE,,,,,,
FALSE,FALSE,FALSE,TRUE,FALSE,FALSE,FALSE,TRUE,,,,,,
FALSE,FALSE,FALSE,TRUE,FALSE,FALSE,FALSE,TRUE,,,,,,
,Offset,,,,,,,,,,,,
FALSE,FALSE,FALSE,TRUE,FALSE,FALSE,FALSE,TRUE,,,,,,
FALSE,FALSE,FALSE,TRUE,FALSE,FALSE,FALSE,TRUE,,,,,,
FALSE,FALSE,FALSE,TRUE,FALSE,FALSE,FALSE,TRUE,,,,,,
FALSE,FALSE,FALSE,TRUE,FALSE,FALSE,FALSE,TRUE,,,,,,
FALSE,FALSE,FALSE,TRUE,FALSE,FALSE,FALSE,TRUE,,,,,,
,Object on path,,,,,,,,,,,,
FALSE,FALSE,FALSE,TRUE,FALSE,FALSE,FALSE,TRUE,,,,,,
FALSE,FALSE,FALSE,TRUE,FALSE,FALSE,FALSE,TRUE,,,,,,
FALSE,FALSE,FALSE,TRUE,FALSE,FALSE,FALSE,TRUE,,,,,,
FALSE,FALSE,FALSE,TRUE,FALSE,FALSE,FALSE,TRUE,,,,,,
FALSE,FALSE,FALSE,TRUE,FALSE,FALSE,FALSE,TRUE,,,,,,
FALSE,FALSE,FALSE,TRUE,FALSE,FALSE,FALSE,TRUE,,,,,,
FALSE,FALSE,FALSE,TRUE,FALSE,FALSE,FALSE,TRUE,,,,,,
FALSE,FALSE,FALSE,TRUE,FALSE,FALSE,FALSE,TRUE,,,,,,
FALSE,FALSE,FALSE,TRUE,FALSE,FALSE,FALSE,TRUE,,,,,,
,Popup,,,,,,,,,,,,
FALSE,FALSE,FALSE,TRUE,FALSE,FALSE,FALSE,TRUE,,,,,,
FALSE,FALSE,FALSE,TRUE,FALSE,FALSE,FALSE,TRUE,,,,,,
FALSE,FALSE,FALSE,TRUE,FALSE,FALSE,FALSE,TRUE,,,,,,
FALSE,FALSE,FALSE,TRUE,FALSE,FALSE,FALSE,TRUE,,,,,,
FALSE,FALSE,FALSE,TRUE,FALSE,FALSE,FALSE,TRUE,,,,,,
FALSE,FALSE,FALSE,TRUE,FALSE,FALSE,FALSE,TRUE,,,,,,
FALSE,FALSE,FALSE,TRUE,FALSE,FALSE,FALSE,TRUE,,,,,,
,Silhouette Library,,,,,,,,,,,,
FALSE,FALSE,FALSE,TRUE,FALSE,FALSE,FALSE,TRUE,,,,,,
FALSE,FALSE,FALSE,TRUE,FALSE,FALSE,FALSE,TRUE,,,,,,
FALSE,FALSE,FALSE,TRUE,FALSE,FALSE,FALSE,TRUE,,,,,,
FALSE,FALSE,FALSE,TRUE,FALSE,FALSE,FALSE,TRUE,,,,,,
FALSE,FALSE,FALSE,TRUE,FALSE,FALSE,FALSE,TRUE,,,,,,
FALSE,FALSE,FALSE,TRUE,FALSE,FALSE,FALSE,TRUE,,,,,,
FALSE,FALSE,FALSE,TRUE,FALSE,FALSE,FALSE,TRUE,,,,,,
FALSE,FALSE,FALSE,TRUE,FALSE,FALSE,FALSE,TRUE,,,,,,
FALSE,FALSE,FALSE,TRUE,FALSE,FALSE,FALSE,TRUE,,,,,,
,Saving,,,,,,,,,,,,
FALSE,FALSE,FALSE,TRUE,FALSE,FALSE,FALSE,TRUE,,,,,,
,Downloading from Online Store,,,,,,,,,,,,
FALSE,FALSE,FALSE,TRUE,FALSE,FALSE,FALSE,TRUE,,,,,,
FALSE,FALSE,FALSE,TRUE,FALSE,FALSE,FALSE,TRUE,,,,,,
FALSE,FALSE,FALSE,TRUE,FALSE,FALSE,FALSE,TRUE,,,,,,
FALSE,FALSE,FALSE,TRUE,FALSE,FALSE,FALSE,TRUE,,,,,,
,Folder Structure,,,,,,,,,,,,
FALSE,FALSE,FALSE,TRUE,FALSE,FALSE,FALSE,TRUE,,,,,,
FALSE,FALSE,FALSE,TRUE,FALSE,FALSE,FALSE,TRUE,,,,,,
FALSE,FALSE,FALSE,TRUE,FALSE,FALSE,FALSE,TRUE,,,,,,
FALSE,FALSE,FALSE,TRUE,FALSE,FALSE,FALSE,TRUE,,,,,,
FALSE,FALSE,FALSE,TRUE,FALSE,FALSE,FALSE,TRUE,,,,,,
FALSE,FALSE,FALSE,TRUE,FALSE,FALSE,FALSE,TRUE,,,,,,
FALSE,FALSE,FALSE,TRUE,FALSE,FALSE,FALSE,TRUE,,,,,,
,Export Library,,,,,,,,,,,,
FALSE,FALSE,FALSE,TRUE,FALSE,FALSE,FALSE,TRUE,,,,,,
FALSE,FALSE,FALSE,TRUE,FALSE,FALSE,FALSE,TRUE,,,,,,
,Import Library,,,,,,,,,,,,
FALSE,FALSE,FALSE,TRUE,FALSE,FALSE,FALSE,TRUE,,,,,,
FALSE,FALSE,FALSE,TRUE,FALSE,FALSE,FALSE,TRUE,,,,,,
,Font Management,,,,,,,,,,,,
FALSE,FALSE,FALSE,TRUE,FALSE,FALSE,FALSE,TRUE,,,,,,
FALSE,FALSE,FALSE,TRUE,FALSE,FALSE,FALSE,TRUE,,,,,,
FALSE,FALSE,FALSE,TRUE,FALSE,FALSE,FALSE,TRUE,,,,,,
FALSE,FALSE,FALSE,TRUE,FALSE,FALSE,FALSE,TRUE,,,,,,
FALSE,FALSE,FALSE,TRUE,FALSE,FALSE,FALSE,TRUE,,,,,,
,PDF Viewer,,,,,,,,,,,,
FALSE,FALSE,FALSE,TRUE,FALSE,FALSE,FALSE,TRUE,,,,,,
FALSE,FALSE,FALSE,TRUE,FALSE,FALSE,FALSE,TRUE,,,,,,
FALSE,FALSE,FALSE,TRUE,FALSE,FALSE,FALSE,TRUE,,,,,,
FALSE,FALSE,FALSE,TRUE,FALSE,FALSE,FALSE,TRUE,,,,,,
FALSE,FALSE,FALSE,TRUE,FALSE,FALSE,FALSE,TRUE,,,,,,
FALSE,FALSE,FALSE,TRUE,FALSE,FALSE,FALSE,TRUE,,,,,,
FALSE,FALSE,FALSE,TRUE,FALSE,FALSE,FALSE,TRUE,,,,,,
FALSE,FALSE,FALSE,TRUE,FALSE,FALSE,FALSE,TRUE,,,,,,
,Design Page Settings,,,,,,,,,,,,
FALSE,FALSE,FALSE,TRUE,FALSE,FALSE,FALSE,TRUE,,,,,,
FALSE,FALSE,FALSE,TRUE,FALSE,FALSE,FALSE,TRUE,,,,,,
FALSE,FALSE,FALSE,TRUE,FALSE,FALSE,FALSE,TRUE,,,,,,
FALSE,FALSE,FALSE,TRUE,FALSE,FALSE,FALSE,TRUE,,,,,,
FALSE,FALSE,FALSE,TRUE,FALSE,FALSE,FALSE,TRUE,,,,,,
FALSE,FALSE,FALSE,TRUE,FALSE,FALSE,FALSE,TRUE,,,,,,
FALSE,FALSE,FALSE,TRUE,FALSE,FALSE,FALSE,TRUE,,,,,,
FALSE,FALSE,FALSE,TRUE,FALSE,FALSE,FALSE,TRUE,,,,,,
FALSE,FALSE,FALSE,TRUE,FALSE,FALSE,FALSE,TRUE,,,,,,
FALSE,FALSE,FALSE,TRUE,FALSE,FALSE,FALSE,TRUE,,,,,,
FALSE,FALSE,FALSE,TRUE,FALSE,FALSE,FALSE,TRUE,,,,,,
FALSE,FALSE,FALSE,TRUE,FALSE,FALSE,FALSE,TRUE,,,,,,
FALSE,FALSE,FALSE,TRUE,FALSE,FALSE,FALSE,TRUE,,,,,,
FALSE,FALSE,FALSE,TRUE,FALSE,FALSE,FALSE,TRUE,,,,,,
FALSE,FALSE,FALSE,TRUE,FALSE,FALSE,FALSE,TRUE,,,,,,
FALSE,FALSE,FALSE,TRUE,FALSE,FALSE,FALSE,TRUE,,,,,,
FALSE,FALSE,FALSE,TRUE,FALSE,FALSE,FALSE,TRUE,,,,,,
FALSE,FALSE,FALSE,TRUE,FALSE,FALSE,FALSE,TRUE,,,,,,
FALSE,FALSE,FALSE,TRUE,FALSE,FALSE,FALSE,TRUE,,,,,,
FALSE,FALSE,FALSE,TRUE,FALSE,FALSE,FALSE,TRUE,,,,,,
FALSE,FALSE,FALSE,TRUE,FALSE,FALSE,FALSE,TRUE,,,,,,
FALSE,FALSE,FALSE,TRUE,FALSE,FALSE,FALSE,TRUE,,,,,,
,Print Bleed,,,,,,,,,,,,
FALSE,FALSE,FALSE,TRUE,FALSE,FALSE,FALSE,TRUE,,,,,,
FALSE,FALSE,FALSE,TRUE,FALSE,FALSE,FALSE,TRUE,,,,,,
FALSE,FALSE,FALSE,TRUE,FALSE,FALSE,FALSE,TRUE,,,,,,
,Grid,,,,,,,,,,,,
FALSE,FALSE,FALSE,TRUE,FALSE,FALSE,FALSE,TRUE,,,,,,
FALSE,FALSE,FALSE,TRUE,FALSE,FALSE,FALSE,TRUE,,,,,,
FALSE,FALSE,FALSE,TRUE,FALSE,FALSE,FALSE,TRUE,,,,,,
FALSE,FALSE,FALSE,TRUE,FALSE,FALSE,FALSE,TRUE,,,,,,
FALSE,FALSE,FALSE,TRUE,FALSE,FALSE,FALSE,TRUE,,,,,,
FALSE,FALSE,FALSE,TRUE,FALSE,FALSE,FALSE,TRUE,,,,,,
FALSE,FALSE,FALSE,TRUE,FALSE,FALSE,FALSE,TRUE,,,,,,
FALSE,FALSE,FALSE,TRUE,FALSE,FALSE,FALSE,TRUE,,,,,,
FALSE,FALSE,FALSE,TRUE,FALSE,FALSE,FALSE,TRUE,,,,,,
FALSE,FALSE,FALSE,TRUE,FALSE,FALSE,FALSE,TRUE,,,,,,
FALSE,FALSE,FALSE,TRUE,FALSE,FALSE,FALSE,TRUE,,,,,,
,Reg-Marks,,,,,,,,,,,,
FALSE,FALSE,FALSE,TRUE,FALSE,FALSE,FALSE,TRUE,,,,,,
FALSE,FALSE,FALSE,TRUE,FALSE,FALSE,FALSE,TRUE,,,,,,
FALSE,FALSE,FALSE,TRUE,FALSE,FALSE,FALSE,TRUE,,,,,,
FALSE,FALSE,FALSE,TRUE,FALSE,FALSE,FALSE,TRUE,,,,,,
FALSE,FALSE,FALSE,TRUE,FALSE,FALSE,FALSE,TRUE,,,,,,
FALSE,FALSE,FALSE,TRUE,FALSE,FALSE,FALSE,TRUE,,,,,,
FALSE,FALSE,FALSE,TRUE,FALSE,FALSE,FALSE,TRUE,,,,,,
FALSE,FALSE,FALSE,TRUE,FALSE,FALSE,FALSE,TRUE,,,,,,
FALSE,FALSE,FALSE,TRUE,FALSE,FALSE,FALSE,TRUE,,,,,,
FALSE,FALSE,FALSE,TRUE,FALSE,FALSE,FALSE,TRUE,,,,,,
FALSE,FALSE,FALSE,TRUE,FALSE,FALSE,FALSE,TRUE,,,,,,
FALSE,FALSE,FALSE,TRUE,FALSE,FALSE,FALSE,TRUE,,,,,,
,Advanced Reg-Mark Options,,,,,,,,,,,,
FALSE,FALSE,FALSE,TRUE,FALSE,FALSE,FALSE,TRUE,,,,,,
FALSE,FALSE,FALSE,TRUE,FALSE,FALSE,FALSE,TRUE,,,,,,
FALSE,FALSE,FALSE,TRUE,FALSE,FALSE,FALSE,TRUE,,,,,,
FALSE,FALSE,FALSE,TRUE,FALSE,FALSE,FALSE,TRUE,,,,,,
,Send to 3D,,,,,,,,,,,,
FALSE,FALSE,FALSE,TRUE,FALSE,FALSE,FALSE,TRUE,,,,,,
FALSE,FALSE,FALSE,TRUE,FALSE,FALSE,FALSE,TRUE,,,,,,
FALSE,FALSE,FALSE,TRUE,FALSE,FALSE,FALSE,TRUE,,,,,,
FALSE,FALSE,FALSE,TRUE,FALSE,FALSE,FALSE,TRUE,,,,,,
FALSE,FALSE,FALSE,TRUE,FALSE,FALSE,FALSE,TRUE,,,,,,
FALSE,FALSE,FALSE,TRUE,FALSE,FALSE,FALSE,TRUE,,,,,,
,Weed Lines,,,,,,,,,,,,
FALSE,FALSE,FALSE,TRUE,FALSE,FALSE,FALSE,TRUE,,,,,,
FALSE,FALSE,FALSE,TRUE,FALSE,FALSE,FALSE,TRUE,,,,,,
FALSE,FALSE,FALSE,TRUE,FALSE,FALSE,FALSE,TRUE,,,,,,
FALSE,FALSE,FALSE,TRUE,FALSE,FALSE,FALSE,TRUE,,,,,,
FALSE,FALSE,FALSE,TRUE,FALSE,FALSE,FALSE,TRUE,,,,,,
FALSE,FALSE,FALSE,TRUE,FALSE,FALSE,FALSE,TRUE,,,,,,
FALSE,FALSE,FALSE,TRUE,FALSE,FALSE,FALSE,TRUE,,,,,,
,PixScan,,,,,,,,,,,,
FALSE,FALSE,FALSE,TRUE,FALSE,FALSE,FALSE,TRUE,,,,,,
FALSE,FALSE,FALSE,TRUE,FALSE,FALSE,FALSE,TRUE,,,,,,
FALSE,FALSE,FALSE,TRUE,FALSE,FALSE,FALSE,TRUE,,,,,,
,Camera Calibration,,,,,,,,,,,,
FALSE,FALSE,FALSE,TRUE,FALSE,FALSE,FALSE,TRUE,,,,,,
FALSE,FALSE,FALSE,TRUE,FALSE,FALSE,FALSE,TRUE,,,,,,
FALSE,FALSE,FALSE,TRUE,FALSE,FALSE,FALSE,TRUE,,,,,,
FALSE,FALSE,FALSE,TRUE,FALSE,FALSE,FALSE,TRUE,,,,,,
FALSE,FALSE,FALSE,TRUE,FALSE,FALSE,FALSE,TRUE,,,,,,
FALSE,FALSE,FALSE,TRUE,FALSE,FALSE,FALSE,TRUE,,,,,,
FALSE,FALSE,FALSE,TRUE,FALSE,FALSE,FALSE,TRUE,,,,,,
FALSE,FALSE,FALSE,TRUE,FALSE,FALSE,FALSE,TRUE,,,,,,
FALSE,FALSE,FALSE,TRUE,FALSE,FALSE,FALSE,TRUE,,,,,,
,Import from Scanner,,,,,,,,,,,,
FALSE,FALSE,FALSE,TRUE,FALSE,FALSE,FALSE,TRUE,,,,,,
FALSE,FALSE,FALSE,TRUE,FALSE,FALSE,FALSE,TRUE,,,,,,
FALSE,FALSE,FALSE,TRUE,FALSE,FALSE,FALSE,TRUE,,,,,,
FALSE,FALSE,FALSE,TRUE,FALSE,FALSE,FALSE,TRUE,,,,,,
,Menus,,,,,,,,,,,,
,File,,,,,,,,,,,,
FALSE,FALSE,FALSE,TRUE,FALSE,FALSE,FALSE,TRUE,,,,,,
FALSE,FALSE,FALSE,TRUE,FALSE,FALSE,FALSE,TRUE,,,,,,
FALSE,FALSE,FALSE,TRUE,FALSE,FALSE,FALSE,TRUE,,,,,,
FALSE,FALSE,FALSE,TRUE,FALSE,FALSE,FALSE,TRUE,,,,,,
FALSE,FALSE,FALSE,TRUE,FALSE,FALSE,FALSE,TRUE,,,,,,
FALSE,FALSE,FALSE,TRUE,FALSE,FALSE,FALSE,TRUE,,,,,,
FALSE,FALSE,FALSE,TRUE,FALSE,FALSE,FALSE,TRUE,,,,,,
FALSE,FALSE,FALSE,TRUE,FALSE,FALSE,FALSE,TRUE,,,,,,
FALSE,FALSE,FALSE,TRUE,FALSE,FALSE,FALSE,TRUE,,,,,,
FALSE,FALSE,FALSE,TRUE,FALSE,FALSE,FALSE,TRUE,,,,,,
FALSE,FALSE,FALSE,TRUE,FALSE,FALSE,FALSE,TRUE,,,,,,
FALSE,FALSE,FALSE,TRUE,FALSE,FALSE,FALSE,TRUE,,,,,,
FALSE,FALSE,FALSE,TRUE,FALSE,FALSE,FALSE,TRUE,,,,,,
,Save As,,,,,,,,,,,,
FALSE,FALSE,FALSE,TRUE,FALSE,FALSE,FALSE,TRUE,,,,,,
FALSE,FALSE,FALSE,TRUE,FALSE,FALSE,FALSE,TRUE,,,,,,
FALSE,FALSE,FALSE,TRUE,FALSE,FALSE,FALSE,TRUE,,,,,,
,Save Selection,,,,,,,,,,,,
FALSE,FALSE,FALSE,TRUE,FALSE,FALSE,FALSE,TRUE,,,,,,
FALSE,FALSE,FALSE,TRUE,FALSE,FALSE,FALSE,TRUE,,,,,,
,Library,,,,,,,,,,,,
FALSE,FALSE,FALSE,TRUE,FALSE,FALSE,FALSE,TRUE,,,,,,
FALSE,FALSE,FALSE,TRUE,FALSE,FALSE,FALSE,TRUE,,,,,,
FALSE,FALSE,FALSE,TRUE,FALSE,FALSE,FALSE,TRUE,,,,,,
,New Project Templates,,,,,,,,,,,,
FALSE,FALSE,FALSE,TRUE,FALSE,FALSE,FALSE,TRUE,,,,,,
FALSE,FALSE,FALSE,TRUE,FALSE,FALSE,FALSE,TRUE,,,,,,
FALSE,FALSE,FALSE,TRUE,FALSE,FALSE,FALSE,TRUE,,,,,,
FALSE,FALSE,FALSE,TRUE,FALSE,FALSE,FALSE,TRUE,,,,,,
FALSE,FALSE,FALSE,TRUE,FALSE,FALSE,FALSE,TRUE,,,,,,
FALSE,FALSE,FALSE,TRUE,FALSE,FALSE,FALSE,TRUE,,,,,,
FALSE,FALSE,FALSE,TRUE,FALSE,FALSE,FALSE,TRUE,,,,,,
FALSE,FALSE,FALSE,TRUE,FALSE,FALSE,FALSE,TRUE,,,,,,
FALSE,FALSE,FALSE,TRUE,FALSE,FALSE,FALSE,TRUE,,,,,,
FALSE,FALSE,FALSE,TRUE,FALSE,FALSE,FALSE,TRUE,,,,,,
,Edit,,,,,,,,,,,,
FALSE,FALSE,FALSE,TRUE,FALSE,FALSE,FALSE,TRUE,,,,,,
FALSE,FALSE,FALSE,TRUE,FALSE,FALSE,FALSE,TRUE,,,,,,
FALSE,FALSE,FALSE,TRUE,FALSE,FALSE,FALSE,TRUE,,,,,,
FALSE,FALSE,FALSE,TRUE,FALSE,FALSE,FALSE,TRUE,,,,,,
FALSE,FALSE,FALSE,TRUE,FALSE,FALSE,FALSE,TRUE,,,,,,
FALSE,FALSE,FALSE,TRUE,FALSE,FALSE,FALSE,TRUE,,,,,,
FALSE,FALSE,FALSE,TRUE,FALSE,FALSE,FALSE,TRUE,,,,,,
FALSE,FALSE,FALSE,TRUE,FALSE,FALSE,FALSE,TRUE,,,,,,
FALSE,FALSE,FALSE,TRUE,FALSE,FALSE,FALSE,TRUE,,,,,,
FALSE,FALSE,FALSE,TRUE,FALSE,FALSE,FALSE,TRUE,,,,,,
FALSE,FALSE,FALSE,TRUE,FALSE,FALSE,FALSE,TRUE,,,,,,
FALSE,FALSE,FALSE,TRUE,FALSE,FALSE,FALSE,TRUE,,,,,,
,View,,,,,,,,,,,,
FALSE,FALSE,FALSE,TRUE,FALSE,FALSE,FALSE,TRUE,,,,,,
FALSE,FALSE,FALSE,TRUE,FALSE,FALSE,FALSE,TRUE,,,,,,
FALSE,FALSE,FALSE,TRUE,FALSE,FALSE,FALSE,TRUE,,,,,,
FALSE,FALSE,FALSE,TRUE,FALSE,FALSE,FALSE,TRUE,,,,,,
FALSE,FALSE,FALSE,TRUE,FALSE,FALSE,FALSE,TRUE,,,,,,
FALSE,FALSE,FALSE,TRUE,FALSE,FALSE,FALSE,TRUE,,,,,,
FALSE,FALSE,FALSE,TRUE,FALSE,FALSE,FALSE,TRUE,,,,,,
FALSE,FALSE,FALSE,TRUE,FALSE,FALSE,FALSE,TRUE,,,,,,
FALSE,FALSE,FALSE,TRUE,FALSE,FALSE,FALSE,TRUE,,,,,,
FALSE,FALSE,FALSE,TRUE,FALSE,FALSE,FALSE,TRUE,,,,,,
FALSE,FALSE,FALSE,TRUE,FALSE,FALSE,FALSE,TRUE,,,,,,
,Zoom,,,,,,,,,,,,
FALSE,FALSE,FALSE,TRUE,FALSE,FALSE,FALSE,TRUE,,,,,,
FALSE,FALSE,FALSE,TRUE,FALSE,FALSE,FALSE,TRUE,,,,,,
FALSE,FALSE,FALSE,TRUE,FALSE,FALSE,FALSE,TRUE,,,,,,
FALSE,FALSE,FALSE,TRUE,FALSE,FALSE,FALSE,TRUE,,,,,,
FALSE,FALSE,FALSE,TRUE,FALSE,FALSE,FALSE,TRUE,,,,,,
FALSE,FALSE,FALSE,TRUE,FALSE,FALSE,FALSE,TRUE,,,,,,
FALSE,FALSE,FALSE,TRUE,FALSE,FALSE,FALSE,TRUE,,,,,,
FALSE,FALSE,FALSE,TRUE,FALSE,FALSE,FALSE,TRUE,,,,,,
,Rotate Page,,,,,,,,,,,,
FALSE,FALSE,FALSE,TRUE,FALSE,FALSE,FALSE,TRUE,,,,,,
FALSE,FALSE,FALSE,TRUE,FALSE,FALSE,FALSE,TRUE,,,,,,
FALSE,FALSE,FALSE,TRUE,FALSE,FALSE,FALSE,TRUE,,,,,,
FALSE,FALSE,FALSE,TRUE,FALSE,FALSE,FALSE,TRUE,,,,,,
,Panels,,,,,,,,,,,,
FALSE,FALSE,FALSE,TRUE,FALSE,FALSE,FALSE,TRUE,,,,,,
FALSE,FALSE,FALSE,TRUE,FALSE,FALSE,FALSE,TRUE,,,,,,
FALSE,FALSE,FALSE,TRUE,FALSE,FALSE,FALSE,TRUE,,,,,,
FALSE,FALSE,FALSE,TRUE,FALSE,FALSE,FALSE,TRUE,,,,,,
FALSE,FALSE,FALSE,TRUE,FALSE,FALSE,FALSE,TRUE,,,,,,
FALSE,FALSE,FALSE,TRUE,FALSE,FALSE,FALSE,TRUE,,,,,,
FALSE,FALSE,FALSE,TRUE,FALSE,FALSE,FALSE,TRUE,,,,,,
FALSE,FALSE,FALSE,TRUE,FALSE,FALSE,FALSE,TRUE,,,,,,
FALSE,FALSE,FALSE,TRUE,FALSE,FALSE,FALSE,TRUE,,,,,,
FALSE,FALSE,FALSE,TRUE,FALSE,FALSE,FALSE,TRUE,,,,,,
FALSE,FALSE,FALSE,TRUE,FALSE,FALSE,FALSE,TRUE,,,,,,
FALSE,FALSE,FALSE,TRUE,FALSE,FALSE,FALSE,TRUE,,,,,,
FALSE,FALSE,FALSE,TRUE,FALSE,FALSE,FALSE,TRUE,,,,,,
FALSE,FALSE,FALSE,TRUE,FALSE,FALSE,FALSE,TRUE,,,,,,
FALSE,FALSE,FALSE,TRUE,FALSE,FALSE,FALSE,TRUE,,,,,,
FALSE,FALSE,FALSE,TRUE,FALSE,FALSE,FALSE,TRUE,,,,,,
FALSE,FALSE,FALSE,TRUE,FALSE,FALSE,FALSE,TRUE,,,,,,
FALSE,FALSE,FALSE,TRUE,FALSE,FALSE,FALSE,TRUE,,,,,,
FALSE,FALSE,FALSE,TRUE,FALSE,FALSE,FALSE,TRUE,,,,,,
FALSE,FALSE,FALSE,TRUE,FALSE,FALSE,FALSE,TRUE,,,,,,
FALSE,FALSE,FALSE,TRUE,FALSE,FALSE,FALSE,TRUE,,,,,,
FALSE,FALSE,FALSE,TRUE,FALSE,FALSE,FALSE,TRUE,,,,,,
FALSE,FALSE,FALSE,TRUE,FALSE,FALSE,FALSE,TRUE,,,,,,
FALSE,FALSE,FALSE,TRUE,FALSE,FALSE,FALSE,TRUE,,,,,,
,Object,,,,,,,,,,,,
FALSE,FALSE,FALSE,TRUE,FALSE,FALSE,FALSE,TRUE,,,,,,
FALSE,FALSE,FALSE,TRUE,FALSE,FALSE,FALSE,TRUE,,,,,,
FALSE,FALSE,FALSE,TRUE,FALSE,FALSE,FALSE,TRUE,,,,,,
FALSE,FALSE,FALSE,TRUE,FALSE,FALSE,FALSE,TRUE,,,,,,
FALSE,FALSE,FALSE,TRUE,FALSE,FALSE,FALSE,TRUE,,,,,,
,Mirror,,,,,,,,,,,,
FALSE,FALSE,FALSE,TRUE,FALSE,FALSE,FALSE,TRUE,,,,,,
FALSE,FALSE,FALSE,TRUE,FALSE,FALSE,FALSE,TRUE,,,,,,
,Arrange,,,,,,,,,,,,
FALSE,FALSE,FALSE,TRUE,FALSE,FALSE,FALSE,TRUE,,,,,,
FALSE,FALSE,FALSE,TRUE,FALSE,FALSE,FALSE,TRUE,,,,,,
FALSE,FALSE,FALSE,TRUE,FALSE,FALSE,FALSE,TRUE,,,,,,
FALSE,FALSE,FALSE,TRUE,FALSE,FALSE,FALSE,TRUE,,,,,,
,Align,,,,,,,,,,,,
FALSE,FALSE,FALSE,TRUE,FALSE,FALSE,FALSE,TRUE,,,,,,
FALSE,FALSE,FALSE,TRUE,FALSE,FALSE,FALSE,TRUE,,,,,,
FALSE,FALSE,FALSE,TRUE,FALSE,FALSE,FALSE,TRUE,,,,,,
FALSE,FALSE,FALSE,TRUE,FALSE,FALSE,FALSE,TRUE,,,,,,
FALSE,FALSE,FALSE,TRUE,FALSE,FALSE,FALSE,TRUE,,,,,,
FALSE,FALSE,FALSE,TRUE,FALSE,FALSE,FALSE,TRUE,,,,,,
FALSE,FALSE,FALSE,TRUE,FALSE,FALSE,FALSE,TRUE,,,,,,
FALSE,FALSE,FALSE,TRUE,FALSE,FALSE,FALSE,TRUE,,,,,,
FALSE,FALSE,FALSE,TRUE,FALSE,FALSE,FALSE,TRUE,,,,,,
FALSE,FALSE,FALSE,TRUE,FALSE,FALSE,FALSE,TRUE,,,,,,
FALSE,FALSE,FALSE,TRUE,FALSE,FALSE,FALSE,TRUE,,,,,,
,Rotate,,,,,,,,,,,,
FALSE,FALSE,FALSE,TRUE,FALSE,FALSE,FALSE,TRUE,,,,,,
FALSE,FALSE,FALSE,TRUE,FALSE,FALSE,FALSE,TRUE,,,,,,
FALSE,FALSE,FALSE,TRUE,FALSE,FALSE,FALSE,TRUE,,,,,,
FALSE,FALSE,FALSE,TRUE,FALSE,FALSE,FALSE,TRUE,,,,,,
FALSE,FALSE,FALSE,TRUE,FALSE,FALSE,FALSE,TRUE,,,,,,
FALSE,FALSE,FALSE,TRUE,FALSE,FALSE,FALSE,TRUE,,,,,,
FALSE,FALSE,FALSE,TRUE,FALSE,FALSE,FALSE,TRUE,,,,,,
FALSE,FALSE,FALSE,TRUE,FALSE,FALSE,FALSE,TRUE,,,,,,
FALSE,FALSE,FALSE,TRUE,FALSE,FALSE,FALSE,TRUE,,,,,,
FALSE,FALSE,FALSE,TRUE,FALSE,FALSE,FALSE,TRUE,,,,,,
,Replicate,,,,,,,,,,,,
FALSE,FALSE,FALSE,TRUE,FALSE,FALSE,FALSE,TRUE,,,,,,
FALSE,FALSE,FALSE,TRUE,FALSE,FALSE,FALSE,TRUE,,,,,,
FALSE,FALSE,FALSE,TRUE,FALSE,FALSE,FALSE,TRUE,,,,,,
FALSE,FALSE,FALSE,TRUE,FALSE,FALSE,FALSE,TRUE,,,,,,
FALSE,FALSE,FALSE,TRUE,FALSE,FALSE,FALSE,TRUE,,,,,,
FALSE,FALSE,FALSE,TRUE,FALSE,FALSE,FALSE,TRUE,,,,,,
FALSE,FALSE,FALSE,TRUE,FALSE,FALSE,FALSE,TRUE,,,,,,
FALSE,FALSE,FALSE,TRUE,FALSE,FALSE,FALSE,TRUE,,,,,,
FALSE,FALSE,FALSE,TRUE,FALSE,FALSE,FALSE,TRUE,,,,,,
FALSE,FALSE,FALSE,TRUE,FALSE,FALSE,FALSE,TRUE,,,,,,
FALSE,FALSE,FALSE,TRUE,FALSE,FALSE,FALSE,TRUE,,,,,,
FALSE,FALSE,FALSE,TRUE,FALSE,FALSE,FALSE,TRUE,,,,,,
FALSE,FALSE,FALSE,TRUE,FALSE,FALSE,FALSE,TRUE,,,,,,
FALSE,FALSE,FALSE,TRUE,FALSE,FALSE,FALSE,TRUE,,,,,,
FALSE,FALSE,FALSE,TRUE,FALSE,FALSE,FALSE,TRUE,,,,,,
FALSE,FALSE,FALSE,TRUE,FALSE,FALSE,FALSE,TRUE,,,,,,
FALSE,FALSE,FALSE,TRUE,FALSE,FALSE,FALSE,TRUE,,,,,,
,Modify,,,,,,,,,,,,
FALSE,FALSE,FALSE,TRUE,FALSE,FALSE,FALSE,TRUE,,,,,,
FALSE,FALSE,FALSE,TRUE,FALSE,FALSE,FALSE,TRUE,,,,,,
FALSE,FALSE,FALSE,TRUE,FALSE,FALSE,FALSE,TRUE,,,,,,
FALSE,FALSE,FALSE,TRUE,FALSE,FALSE,FALSE,TRUE,,,,,,
FALSE,FALSE,FALSE,TRUE,FALSE,FALSE,FALSE,TRUE,,,,,,
FALSE,FALSE,FALSE,TRUE,FALSE,FALSE,FALSE,TRUE,,,,,,
FALSE,FALSE,FALSE,TRUE,FALSE,FALSE,FALSE,TRUE,,,,,,
FALSE,FALSE,FALSE,TRUE,FALSE,FALSE,FALSE,TRUE,,,,,,
,Help,,,,,,,,,,,,
FALSE,FALSE,FALSE,TRUE,FALSE,FALSE,FALSE,TRUE,,,,,,
FALSE,FALSE,FALSE,TRUE,FALSE,FALSE,FALSE,TRUE,,,,,,
FALSE,FALSE,FALSE,TRUE,FALSE,FALSE,FALSE,TRUE,,,,,,
FALSE,FALSE,FALSE,TRUE,FALSE,FALSE,FALSE,TRUE,,,,,,
FALSE,FALSE,FALSE,TRUE,FALSE,FALSE,FALSE,TRUE,,,,,,
FALSE,FALSE,FALSE,TRUE,FALSE,FALSE,FALSE,TRUE,,,,,,
FALSE,FALSE,FALSE,TRUE,FALSE,FALSE,FALSE,TRUE,,,,,,
FALSE,FALSE,FALSE,TRUE,FALSE,FALSE,FALSE,TRUE,,,,,,
,View in,,,,,,,,,,,,
FALSE,FALSE,FALSE,TRUE,FALSE,FALSE,FALSE,TRUE,,,,,,
FALSE,FALSE,FALSE,TRUE,FALSE,FALSE,FALSE,TRUE,,,,,,
FALSE,FALSE,FALSE,TRUE,FALSE,FALSE,FALSE,TRUE,,,,,,
FALSE,FALSE,FALSE,TRUE,FALSE,FALSE,FALSE,TRUE,,,,,,
FALSE,FALSE,FALSE,TRUE,FALSE,FALSE,FALSE,TRUE,,,,,,
,Designer Edition Features,,,,,,,,,,,,
,Nesting,,,,,,,,,,,,
FALSE,FALSE,FALSE,TRUE,FALSE,FALSE,FALSE,TRUE,,,,,,
FALSE,FALSE,FALSE,TRUE,FALSE,FALSE,FALSE,TRUE,,,,,,
FALSE,FALSE,FALSE,TRUE,FALSE,FALSE,FALSE,TRUE,,,,,,
FALSE,FALSE,FALSE,TRUE,FALSE,FALSE,FALSE,TRUE,,,,,,
FALSE,FALSE,FALSE,TRUE,FALSE,FALSE,FALSE,TRUE,,,,,,
FALSE,FALSE,FALSE,TRUE,FALSE,FALSE,FALSE,TRUE,,,,,,
FALSE,FALSE,FALSE,TRUE,FALSE,FALSE,FALSE,TRUE,,,,,,
,Sketch,,,,,,,,,,,,
FALSE,FALSE,FALSE,TRUE,FALSE,FALSE,FALSE,TRUE,,,,,,
,Edge Sketch,,,,,,,,,,,,
FALSE,FALSE,FALSE,TRUE,FALSE,FALSE,FALSE,TRUE,,,,,,
FALSE,FALSE,FALSE,TRUE,FALSE,FALSE,FALSE,TRUE,,,,,,
FALSE,FALSE,FALSE,TRUE,FALSE,FALSE,FALSE,TRUE,,,,,,
FALSE,FALSE,FALSE,TRUE,FALSE,FALSE,FALSE,TRUE,,,,,,
FALSE,FALSE,FALSE,TRUE,FALSE,FALSE,FALSE,TRUE,,,,,,
FALSE,FALSE,FALSE,TRUE,FALSE,FALSE,FALSE,TRUE,,,,,,
FALSE,FALSE,FALSE,TRUE,FALSE,FALSE,FALSE,TRUE,,,,,,
,Fill Sketch,,,,,,,,,,,,
FALSE,FALSE,FALSE,TRUE,FALSE,FALSE,FALSE,TRUE,,,,,,
FALSE,FALSE,FALSE,TRUE,FALSE,FALSE,FALSE,TRUE,,,,,,
FALSE,FALSE,FALSE,TRUE,FALSE,FALSE,FALSE,TRUE,,,,,,
FALSE,FALSE,FALSE,TRUE,FALSE,FALSE,FALSE,TRUE,,,,,,
FALSE,FALSE,FALSE,TRUE,FALSE,FALSE,FALSE,TRUE,,,,,,
FALSE,FALSE,FALSE,TRUE,FALSE,FALSE,FALSE,TRUE,,,,,,
FALSE,FALSE,FALSE,TRUE,FALSE,FALSE,FALSE,TRUE,,,,,,
FALSE,FALSE,FALSE,TRUE,FALSE,FALSE,FALSE,TRUE,,,,,,
,Edge Effect,,,,,,,,,,,,
FALSE,FALSE,FALSE,TRUE,FALSE,FALSE,FALSE,TRUE,,,,,,
FALSE,FALSE,FALSE,TRUE,FALSE,FALSE,FALSE,TRUE,,,,,,
FALSE,FALSE,FALSE,TRUE,FALSE,FALSE,FALSE,TRUE,,,,,,
FALSE,FALSE,FALSE,TRUE,FALSE,FALSE,FALSE,TRUE,,,,,,
FALSE,FALSE,FALSE,TRUE,FALSE,FALSE,FALSE,TRUE,,,,,,
FALSE,FALSE,FALSE,TRUE,FALSE,FALSE,FALSE,TRUE,,,,,,
FALSE,FALSE,FALSE,TRUE,FALSE,FALSE,FALSE,TRUE,,,,,,
FALSE,FALSE,FALSE,TRUE,FALSE,FALSE,FALSE,TRUE,,,,,,
FALSE,FALSE,FALSE,TRUE,FALSE,FALSE,FALSE,TRUE,,,,,,
FALSE,FALSE,FALSE,TRUE,FALSE,FALSE,FALSE,TRUE,,,,,,
FALSE,FALSE,FALSE,TRUE,FALSE,FALSE,FALSE,TRUE,,,,,,
FALSE,FALSE,FALSE,TRUE,FALSE,FALSE,FALSE,TRUE,,,,,,
FALSE,FALSE,FALSE,TRUE,FALSE,FALSE,FALSE,TRUE,,,,,,
FALSE,FALSE,FALSE,TRUE,FALSE,FALSE,FALSE,TRUE,,,,,,
FALSE,FALSE,FALSE,TRUE,FALSE,FALSE,FALSE,TRUE,,,,,,
FALSE,FALSE,FALSE,TRUE,FALSE,FALSE,FALSE,TRUE,,,,,,
,Fill Type,,,,,,,,,,,,
FALSE,FALSE,FALSE,TRUE,FALSE,FALSE,FALSE,TRUE,,,,,,
FALSE,FALSE,FALSE,TRUE,FALSE,FALSE,FALSE,TRUE,,,,,,
FALSE,FALSE,FALSE,TRUE,FALSE,FALSE,FALSE,TRUE,,,,,,
FALSE,FALSE,FALSE,TRUE,FALSE,FALSE,FALSE,TRUE,,,,,,
FALSE,FALSE,FALSE,TRUE,FALSE,FALSE,FALSE,TRUE,,,,,,
FALSE,FALSE,FALSE,TRUE,FALSE,FALSE,FALSE,TRUE,,,,,,
FALSE,FALSE,FALSE,TRUE,FALSE,FALSE,FALSE,TRUE,,,,,,
FALSE,FALSE,FALSE,TRUE,FALSE,FALSE,FALSE,TRUE,,,,,,
FALSE,FALSE,FALSE,TRUE,FALSE,FALSE,FALSE,TRUE,,,,,,
FALSE,FALSE,FALSE,TRUE,FALSE,FALSE,FALSE,TRUE,,,,,,
,Fill Effect,,,,,,,,,,,,
FALSE,FALSE,FALSE,TRUE,FALSE,FALSE,FALSE,TRUE,,,,,,
FALSE,FALSE,FALSE,TRUE,FALSE,FALSE,FALSE,TRUE,,,,,,
FALSE,FALSE,FALSE,TRUE,FALSE,FALSE,FALSE,TRUE,,,,,,
FALSE,FALSE,FALSE,TRUE,FALSE,FALSE,FALSE,TRUE,,,,,,
FALSE,FALSE,FALSE,TRUE,FALSE,FALSE,FALSE,TRUE,,,,,,
FALSE,FALSE,FALSE,TRUE,FALSE,FALSE,FALSE,TRUE,,,,,,
FALSE,FALSE,FALSE,TRUE,FALSE,FALSE,FALSE,TRUE,,,,,,
FALSE,FALSE,FALSE,TRUE,FALSE,FALSE,FALSE,TRUE,,,,,,
FALSE,FALSE,FALSE,TRUE,FALSE,FALSE,FALSE,TRUE,,,,,,
FALSE,FALSE,FALSE,TRUE,FALSE,FALSE,FALSE,TRUE,,,,,,
FALSE,FALSE,FALSE,TRUE,FALSE,FALSE,FALSE,TRUE,,,,,,
,Rhinestones,,,,,,,,,,,,
,Basic Rhinestones,,,,,,,,,,,,
FALSE,FALSE,FALSE,TRUE,FALSE,FALSE,FALSE,TRUE,,,,,,
FALSE,FALSE,FALSE,TRUE,FALSE,FALSE,FALSE,TRUE,,,,,,
FALSE,FALSE,FALSE,TRUE,FALSE,FALSE,FALSE,TRUE,,,,,,
FALSE,FALSE,FALSE,TRUE,FALSE,FALSE,FALSE,TRUE,,,,,,
FALSE,FALSE,FALSE,TRUE,FALSE,FALSE,FALSE,TRUE,,,,,,
FALSE,FALSE,FALSE,TRUE,FALSE,FALSE,FALSE,TRUE,,,,,,
FALSE,FALSE,FALSE,TRUE,FALSE,FALSE,FALSE,TRUE,,,,,,
FALSE,FALSE,FALSE,TRUE,FALSE,FALSE,FALSE,TRUE,,,,,,
FALSE,FALSE,FALSE,TRUE,FALSE,FALSE,FALSE,TRUE,,,,,,
FALSE,FALSE,FALSE,TRUE,FALSE,FALSE,FALSE,TRUE,,,,,,
FALSE,FALSE,FALSE,TRUE,FALSE,FALSE,FALSE,TRUE,,,,,,
,Advanced Rhinestones,,,,,,,,,,,,
FALSE,FALSE,FALSE,TRUE,FALSE,FALSE,FALSE,TRUE,,,,,,
FALSE,FALSE,FALSE,TRUE,FALSE,FALSE,FALSE,TRUE,,,,,,
FALSE,FALSE,FALSE,TRUE,FALSE,FALSE,FALSE,TRUE,,,,,,
FALSE,FALSE,FALSE,TRUE,FALSE,FALSE,FALSE,TRUE,,,,,,
FALSE,FALSE,FALSE,TRUE,FALSE,FALSE,FALSE,TRUE,,,,,,
FALSE,FALSE,FALSE,TRUE,FALSE,FALSE,FALSE,TRUE,,,,,,
FALSE,FALSE,FALSE,TRUE,FALSE,FALSE,FALSE,TRUE,,,,,,
FALSE,FALSE,FALSE,TRUE,FALSE,FALSE,FALSE,TRUE,,,,,,
,Muiltiple Rhinestone Ordering,,,,,,,,,,,,
FALSE,FALSE,FALSE,TRUE,FALSE,FALSE,FALSE,TRUE,,,,,,
FALSE,FALSE,FALSE,TRUE,FALSE,FALSE,FALSE,TRUE,,,,,,
,Angle,,,,,,,,,,,,
FALSE,FALSE,FALSE,TRUE,FALSE,FALSE,FALSE,TRUE,,,,,,
FALSE,FALSE,FALSE,TRUE,FALSE,FALSE,FALSE,TRUE,,,,,,
FALSE,FALSE,FALSE,TRUE,FALSE,FALSE,FALSE,TRUE,,,,,,
,Custom Rhinestones,,,,,,,,,,,,
FALSE,FALSE,FALSE,TRUE,FALSE,FALSE,FALSE,TRUE,,,,,,
FALSE,FALSE,FALSE,TRUE,FALSE,FALSE,FALSE,TRUE,,,,,,
FALSE,FALSE,FALSE,TRUE,FALSE,FALSE,FALSE,TRUE,,,,,,
FALSE,FALSE,FALSE,TRUE,FALSE,FALSE,FALSE,TRUE,,,,,,
FALSE,FALSE,FALSE,TRUE,FALSE,FALSE,FALSE,TRUE,,,,,,
FALSE,FALSE,FALSE,TRUE,FALSE,FALSE,FALSE,TRUE,,,,,,
FALSE,FALSE,FALSE,TRUE,FALSE,FALSE,FALSE,TRUE,,,,,,
FALSE,FALSE,FALSE,TRUE,FALSE,FALSE,FALSE,TRUE,,,,,,
,Draw Advanced Rhinestones,,,,,,,,,,,,
FALSE,FALSE,FALSE,TRUE,FALSE,FALSE,FALSE,TRUE,,,,,,
FALSE,FALSE,FALSE,TRUE,FALSE,FALSE,FALSE,TRUE,,,,,,
,Layers,,,,,,,,,,,,
FALSE,FALSE,FALSE,TRUE,FALSE,FALSE,FALSE,TRUE,,,,,,
FALSE,FALSE,FALSE,TRUE,FALSE,FALSE,FALSE,TRUE,,,,,,
FALSE,FALSE,FALSE,TRUE,FALSE,FALSE,FALSE,TRUE,,,,,,
FALSE,FALSE,FALSE,TRUE,FALSE,FALSE,FALSE,TRUE,,,,,,
FALSE,FALSE,FALSE,TRUE,FALSE,FALSE,FALSE,TRUE,,,,,,
FALSE,FALSE,FALSE,TRUE,FALSE,FALSE,FALSE,TRUE,,,,,,
FALSE,FALSE,FALSE,TRUE,FALSE,FALSE,FALSE,TRUE,,,,,,
,Puzzle,,,,,,,,,,,,
FALSE,FALSE,FALSE,TRUE,FALSE,FALSE,FALSE,TRUE,,,,,,
FALSE,FALSE,FALSE,TRUE,FALSE,FALSE,FALSE,TRUE,,,,,,
,Puzzle Layout,,,,,,,,,,,,
FALSE,FALSE,FALSE,TRUE,FALSE,FALSE,FALSE,TRUE,,,,,,
FALSE,FALSE,FALSE,TRUE,FALSE,FALSE,FALSE,TRUE,,,,,,
,Puzzle Settings,,,,,,,,,,,,
FALSE,FALSE,FALSE,TRUE,FALSE,FALSE,FALSE,TRUE,,,,,,
FALSE,FALSE,FALSE,TRUE,FALSE,FALSE,FALSE,TRUE,,,,,,
FALSE,FALSE,FALSE,TRUE,FALSE,FALSE,FALSE,TRUE,,,,,,
FALSE,FALSE,FALSE,TRUE,FALSE,FALSE,FALSE,TRUE,,,,,,
FALSE,FALSE,FALSE,TRUE,FALSE,FALSE,FALSE,TRUE,,,,,,
,Warp,,,,,,,,,,,,
,General Warp,,,,,,,,,,,,
FALSE,FALSE,FALSE,TRUE,FALSE,FALSE,FALSE,TRUE,,,,,,
FALSE,FALSE,FALSE,TRUE,FALSE,FALSE,FALSE,TRUE,,,,,,
FALSE,FALSE,FALSE,TRUE,FALSE,FALSE,FALSE,TRUE,,,,,,
FALSE,FALSE,FALSE,TRUE,FALSE,FALSE,FALSE,TRUE,,,,,,
FALSE,FALSE,FALSE,TRUE,FALSE,FALSE,FALSE,TRUE,,,,,,
FALSE,FALSE,FALSE,TRUE,FALSE,FALSE,FALSE,TRUE,,,,,,
FALSE,FALSE,FALSE,TRUE,FALSE,FALSE,FALSE,TRUE,,,,,,
,Warp Templates,,,,,,,,,,,,
FALSE,FALSE,FALSE,TRUE,FALSE,FALSE,FALSE,TRUE,,,,,,
FALSE,FALSE,FALSE,TRUE,FALSE,FALSE,FALSE,TRUE,,,,,,
FALSE,FALSE,FALSE,TRUE,FALSE,FALSE,FALSE,TRUE,,,,,,
,Conical Warp,,,,,,,,,,,,
FALSE,FALSE,FALSE,TRUE,FALSE,FALSE,FALSE,TRUE,,,,,,
FALSE,FALSE,FALSE,TRUE,FALSE,FALSE,FALSE,TRUE,,,,,,
FALSE,FALSE,FALSE,TRUE,FALSE,FALSE,FALSE,TRUE,,,,,,
FALSE,FALSE,FALSE,TRUE,FALSE,FALSE,FALSE,TRUE,,,,,,
FALSE,FALSE,FALSE,TRUE,FALSE,FALSE,FALSE,TRUE,,,,,,
FALSE,FALSE,FALSE,TRUE,FALSE,FALSE,FALSE,TRUE,,,,,,
FALSE,FALSE,FALSE,TRUE,FALSE,FALSE,FALSE,TRUE,,,,,,
FALSE,FALSE,FALSE,TRUE,FALSE,FALSE,FALSE,TRUE,,,,,,
FALSE,FALSE,FALSE,TRUE,FALSE,FALSE,FALSE,TRUE,,,,,,
FALSE,FALSE,FALSE,TRUE,FALSE,FALSE,FALSE,TRUE,,,,,,
,Business Edition Features,,,,,,,,,,,,
,Business Settings,,,,,,,,,,,,
FALSE,FALSE,FALSE,TRUE,FALSE,FALSE,FALSE,TRUE,,,,,,
,Media Layout Settings,,,,,,,,,,,,
,Media Size,,,,,,,,,,,,
FALSE,FALSE,FALSE,TRUE,FALSE,FALSE,FALSE,TRUE,,,,,,
FALSE,FALSE,FALSE,TRUE,FALSE,FALSE,FALSE,TRUE,,,,,,
FALSE,FALSE,FALSE,TRUE,FALSE,FALSE,FALSE,TRUE,,,,,,
,Cutting Mat,,,,,,,,,,,,
FALSE,FALSE,FALSE,TRUE,FALSE,FALSE,FALSE,TRUE,,,,,,
FALSE,FALSE,FALSE,TRUE,FALSE,FALSE,FALSE,TRUE,,,,,,
,Cut Border,,,,,,,,,,,,
FALSE,FALSE,FALSE,TRUE,FALSE,FALSE,FALSE,TRUE,,,,,,
FALSE,FALSE,FALSE,TRUE,FALSE,FALSE,FALSE,TRUE,,,,,,
FALSE,FALSE,FALSE,TRUE,FALSE,FALSE,FALSE,TRUE,,,,,,
FALSE,FALSE,FALSE,TRUE,FALSE,FALSE,FALSE,TRUE,,,,,,
,Orientation,,,,,,,,,,,,
FALSE,FALSE,FALSE,TRUE,FALSE,FALSE,FALSE,TRUE,,,,,,
,Copies,,,,,,,,,,,,
,Copy,,,,,,,,,,,,
FALSE,FALSE,FALSE,TRUE,FALSE,FALSE,FALSE,TRUE,,,,,,
FALSE,FALSE,FALSE,TRUE,FALSE,FALSE,FALSE,TRUE,,,,,,
FALSE,FALSE,FALSE,TRUE,FALSE,FALSE,FALSE,TRUE,,,,,,
,Separation,,,,,,,,,,,,
FALSE,FALSE,FALSE,TRUE,FALSE,FALSE,FALSE,TRUE,,,,,,
FALSE,FALSE,FALSE,TRUE,FALSE,FALSE,FALSE,TRUE,,,,,,
,Advanced Nesting,,,,,,,,,,,,
FALSE,FALSE,FALSE,TRUE,FALSE,FALSE,FALSE,TRUE,,,,,,
,Options,,,,,,,,,,,,
FALSE,FALSE,FALSE,TRUE,FALSE,FALSE,FALSE,TRUE,,,,,,
FALSE,FALSE,FALSE,TRUE,FALSE,FALSE,FALSE,TRUE,,,,,,
FALSE,FALSE,FALSE,TRUE,FALSE,FALSE,FALSE,TRUE,,,,,,
FALSE,FALSE,FALSE,TRUE,FALSE,FALSE,FALSE,TRUE,,,,,,
FALSE,FALSE,FALSE,TRUE,FALSE,FALSE,FALSE,TRUE,,,,,,
,Parameters,,,,,,,,,,,,
FALSE,FALSE,FALSE,TRUE,FALSE,FALSE,FALSE,TRUE,,,,,,
FALSE,FALSE,FALSE,TRUE,FALSE,FALSE,FALSE,TRUE,,,,,,
,Tiling,,,,,,,,,,,,
FALSE,FALSE,FALSE,TRUE,FALSE,FALSE,FALSE,TRUE,,,,,,
,Configure Position and Size,,,,,,,,,,,,
FALSE,FALSE,FALSE,TRUE,FALSE,FALSE,FALSE,TRUE,,,,,,
FALSE,FALSE,FALSE,TRUE,FALSE,FALSE,FALSE,TRUE,,,,,,
FALSE,FALSE,FALSE,TRUE,FALSE,FALSE,FALSE,TRUE,,,,,,
FALSE,FALSE,FALSE,TRUE,FALSE,FALSE,FALSE,TRUE,,,,,,
,Configure a Regular Grid,,,,,,,,,,,,
FALSE,FALSE,FALSE,TRUE,FALSE,FALSE,FALSE,TRUE,,,,,,
FALSE,FALSE,FALSE,TRUE,FALSE,FALSE,FALSE,TRUE,,,,,,
FALSE,FALSE,FALSE,TRUE,FALSE,FALSE,FALSE,TRUE,,,,,,
,Overlap,,,,,,,,,,,,
FALSE,FALSE,FALSE,TRUE,FALSE,FALSE,FALSE,TRUE,,,,,,
,Other Options,,,,,,,,,,,,
FALSE,FALSE,FALSE,TRUE,FALSE,FALSE,FALSE,TRUE,,,,,,
,Tiling Options,,,,,,,,,,,,
FALSE,FALSE,FALSE,TRUE,FALSE,FALSE,FALSE,TRUE,,,,,,
FALSE,FALSE,FALSE,TRUE,FALSE,FALSE,FALSE,TRUE,,,,,,
FALSE,FALSE,FALSE,TRUE,FALSE,FALSE,FALSE,TRUE,,,,,,
,Multi-Cutter Support,,,,,,,,,,,,
FALSE,FALSE,FALSE,TRUE,FALSE,FALSE,FALSE,TRUE,,,,,,
FALSE,FALSE,FALSE,TRUE,FALSE,FALSE,FALSE,TRUE,,,,,,
FALSE,FALSE,FALSE,TRUE,FALSE,FALSE,FALSE,TRUE,,,,,,
FALSE,FALSE,FALSE,TRUE,FALSE,FALSE,FALSE,TRUE,,,,,,
FALSE,FALSE,FALSE,TRUE,FALSE,FALSE,FALSE,TRUE,,,,,,
,Multiple Undo,,,,,,,,,,,,
FALSE,FALSE,FALSE,TRUE,FALSE,FALSE,FALSE,TRUE,,,,,,
FALSE,FALSE,FALSE,TRUE,FALSE,FALSE,FALSE,TRUE,,,,,,
,Preferences,,,,,,,,,,,,
,General,,,,,,,,,,,,
,Language,,,,,,,,,,,,
FALSE,FALSE,FALSE,TRUE,FALSE,FALSE,FALSE,TRUE,,,,,,
FALSE,FALSE,FALSE,TRUE,FALSE,FALSE,FALSE,TRUE,,,,,,
FALSE,FALSE,FALSE,TRUE,FALSE,FALSE,FALSE,TRUE,,,,,,
FALSE,FALSE,FALSE,TRUE,FALSE,FALSE,FALSE,TRUE,,,,,,
FALSE,FALSE,FALSE,TRUE,FALSE,FALSE,FALSE,TRUE,,,,,,
FALSE,FALSE,FALSE,TRUE,FALSE,FALSE,FALSE,TRUE,,,,,,
FALSE,FALSE,FALSE,TRUE,FALSE,FALSE,FALSE,TRUE,,,,,,
FALSE,FALSE,FALSE,TRUE,FALSE,FALSE,FALSE,TRUE,,,,,,
FALSE,FALSE,FALSE,TRUE,FALSE,FALSE,FALSE,TRUE,,,,,,
FALSE,FALSE,FALSE,TRUE,FALSE,FALSE,FALSE,TRUE,,,,,,
FALSE,FALSE,FALSE,TRUE,FALSE,FALSE,FALSE,TRUE,,,,,,
FALSE,FALSE,FALSE,TRUE,FALSE,FALSE,FALSE,TRUE,,,,,,
FALSE,FALSE,FALSE,TRUE,FALSE,FALSE,FALSE,TRUE,,,,,,
FALSE,FALSE,FALSE,TRUE,FALSE,FALSE,FALSE,TRUE,,,,,,
FALSE,FALSE,FALSE,TRUE,FALSE,FALSE,FALSE,TRUE,,,,,,
FALSE,FALSE,FALSE,TRUE,FALSE,FALSE,FALSE,TRUE,,,,,,
FALSE,FALSE,FALSE,TRUE,FALSE,FALSE,FALSE,TRUE,,,,,,
FALSE,FALSE,FALSE,TRUE,FALSE,FALSE,FALSE,TRUE,,,,,,
FALSE,FALSE,FALSE,TRUE,FALSE,FALSE,FALSE,TRUE,,,,,,
FALSE,FALSE,FALSE,TRUE,FALSE,FALSE,FALSE,TRUE,,,,,,
FALSE,FALSE,FALSE,TRUE,FALSE,FALSE,FALSE,TRUE,,,,,,
FALSE,FALSE,FALSE,TRUE,FALSE,FALSE,FALSE,TRUE,,,,,,
FALSE,FALSE,FALSE,TRUE,FALSE,FALSE,FALSE,TRUE,,,,,,
FALSE,FALSE,FALSE,TRUE,FALSE,FALSE,FALSE,TRUE,,,,,,
FALSE,FALSE,FALSE,TRUE,FALSE,FALSE,FALSE,TRUE,,,,,,
FALSE,FALSE,FALSE,TRUE,FALSE,FALSE,FALSE,TRUE,,,,,,
,Check for Updates,,,,,,,,,,,,
FALSE,FALSE,FALSE,TRUE,FALSE,FALSE,FALSE,TRUE,,,,,,
FALSE,FALSE,FALSE,TRUE,FALSE,FALSE,FALSE,TRUE,,,,,,
FALSE,FALSE,FALSE,TRUE,FALSE,FALSE,FALSE,TRUE,,,,,,
FALSE,FALSE,FALSE,TRUE,FALSE,FALSE,FALSE,TRUE,,,,,,
,Default Save Location,,,,,,,,,,,,
FALSE,FALSE,FALSE,TRUE,FALSE,FALSE,FALSE,TRUE,,,,,,
FALSE,FALSE,FALSE,TRUE,FALSE,FALSE,FALSE,TRUE,,,,,,
,Unit of Length,,,,,,,,,,,,
FALSE,FALSE,FALSE,TRUE,FALSE,FALSE,FALSE,TRUE,,,,,,
FALSE,FALSE,FALSE,TRUE,FALSE,FALSE,FALSE,TRUE,,,,,,
FALSE,FALSE,FALSE,TRUE,FALSE,FALSE,FALSE,TRUE,,,,,,
FALSE,FALSE,FALSE,TRUE,FALSE,FALSE,FALSE,TRUE,,,,,,
FALSE,FALSE,FALSE,TRUE,FALSE,FALSE,FALSE,TRUE,,,,,,
,Dimensions,,,,,,,,,,,,
FALSE,FALSE,FALSE,TRUE,FALSE,FALSE,FALSE,TRUE,,,,,,
,Resolution of Image Sent to Printer,,,,,,,,,,,,
FALSE,FALSE,FALSE,TRUE,FALSE,FALSE,FALSE,TRUE,,,,,,
FALSE,FALSE,FALSE,TRUE,FALSE,FALSE,FALSE,TRUE,,,,,,
FALSE,FALSE,FALSE,TRUE,FALSE,FALSE,FALSE,TRUE,,,,,,
FALSE,FALSE,FALSE,TRUE,FALSE,FALSE,FALSE,TRUE,,,,,,
,Defaults,,,,,,,,,,,,
,Default Fill Style,,,,,,,,,,,,
FALSE,FALSE,FALSE,TRUE,FALSE,FALSE,FALSE,TRUE,,,,,,
FALSE,FALSE,FALSE,TRUE,FALSE,FALSE,FALSE,TRUE,,,,,,
FALSE,FALSE,FALSE,TRUE,FALSE,FALSE,FALSE,TRUE,,,,,,
,Registration Marks,,,,,,,,,,,,
FALSE,FALSE,FALSE,TRUE,FALSE,FALSE,FALSE,TRUE,,,,,,
FALSE,FALSE,FALSE,TRUE,FALSE,FALSE,FALSE,TRUE,,,,,,
,Center of Rotation,,,,,,,,,,,,
FALSE,FALSE,FALSE,TRUE,FALSE,FALSE,FALSE,TRUE,,,,,,
FALSE,FALSE,FALSE,TRUE,FALSE,FALSE,FALSE,TRUE,,,,,,
,Page Orientation,,,,,,,,,,,,
FALSE,FALSE,FALSE,TRUE,FALSE,FALSE,FALSE,TRUE,,,,,,
FALSE,FALSE,FALSE,TRUE,FALSE,FALSE,FALSE,TRUE,,,,,,
FALSE,FALSE,FALSE,TRUE,FALSE,FALSE,FALSE,TRUE,,,,,,
,Page Border,,,,,,,,,,,,
FALSE,FALSE,FALSE,TRUE,FALSE,FALSE,FALSE,TRUE,,,,,,
,Single Panel Mode,,,,,,,,,,,,
FALSE,FALSE,FALSE,TRUE,FALSE,FALSE,FALSE,TRUE,,,,,,
FALSE,FALSE,FALSE,TRUE,FALSE,FALSE,FALSE,TRUE,,,,,,
FALSE,FALSE,FALSE,TRUE,FALSE,FALSE,FALSE,TRUE,,,,,,
,Display,,,,,,,,,,,,
,Antialiasing,,,,,,,,,,,,
FALSE,FALSE,FALSE,TRUE,FALSE,FALSE,FALSE,TRUE,,,,,,
FALSE,FALSE,FALSE,TRUE,FALSE,FALSE,FALSE,TRUE,,,,,,
FALSE,FALSE,FALSE,TRUE,FALSE,FALSE,FALSE,TRUE,,,,,,
FALSE,FALSE,FALSE,TRUE,FALSE,FALSE,FALSE,TRUE,,,,,,
FALSE,FALSE,FALSE,TRUE,FALSE,FALSE,FALSE,TRUE,,,,,,
,Button Size,,,,,,,,,,,,
FALSE,FALSE,FALSE,TRUE,FALSE,FALSE,FALSE,TRUE,,,,,,
,Animation,,,,,,,,,,,,
FALSE,FALSE,FALSE,TRUE,FALSE,FALSE,FALSE,TRUE,,,,,,
,Curve Quality,,,,,,,,,,,,
FALSE,FALSE,FALSE,TRUE,FALSE,FALSE,FALSE,TRUE,,,,,,
,Draw Area background Color,,,,,,,,,,,,
FALSE,FALSE,FALSE,TRUE,FALSE,FALSE,FALSE,TRUE,,,,,,
FALSE,FALSE,FALSE,TRUE,FALSE,FALSE,FALSE,TRUE,,,,,,
FALSE,FALSE,FALSE,TRUE,FALSE,FALSE,FALSE,TRUE,,,,,,
,Import Options,,,,,,,,,,,,
,When Importing SVG,,,,,,,,,,,,
FALSE,FALSE,FALSE,TRUE,FALSE,FALSE,FALSE,TRUE,,,,,,
FALSE,FALSE,FALSE,TRUE,FALSE,FALSE,FALSE,TRUE,,,,,,
FALSE,FALSE,FALSE,TRUE,FALSE,FALSE,FALSE,TRUE,,,,,,
FALSE,FALSE,FALSE,TRUE,FALSE,FALSE,FALSE,TRUE,,,,,,
FALSE,FALSE,FALSE,TRUE,FALSE,FALSE,FALSE,TRUE,,,,,,
,When Importing GSD,,,,,,,,,,,,
FALSE,FALSE,FALSE,TRUE,FALSE,FALSE,FALSE,TRUE,,,,,,
FALSE,FALSE,FALSE,TRUE,FALSE,FALSE,FALSE,TRUE,,,,,,
FALSE,FALSE,FALSE,TRUE,FALSE,FALSE,FALSE,TRUE,,,,,,
FALSE,FALSE,FALSE,TRUE,FALSE,FALSE,FALSE,TRUE,,,,,,
FALSE,FALSE,FALSE,TRUE,FALSE,FALSE,FALSE,TRUE,,,,,,
,When Importing DXF,,,,,,,,,,,,
FALSE,FALSE,FALSE,TRUE,FALSE,FALSE,FALSE,TRUE,,,,,,
FALSE,FALSE,FALSE,TRUE,FALSE,FALSE,FALSE,TRUE,,,,,,
FALSE,FALSE,FALSE,TRUE,FALSE,FALSE,FALSE,TRUE,,,,,,
FALSE,FALSE,FALSE,TRUE,FALSE,FALSE,FALSE,TRUE,,,,,,
FALSE,FALSE,FALSE,TRUE,FALSE,FALSE,FALSE,TRUE,,,,,,
,Selection,,,,,,,,,,,,
,After Creating a shape,,,,,,,,,,,,
FALSE,FALSE,FALSE,TRUE,FALSE,FALSE,FALSE,TRUE,,,,,,
FALSE,FALSE,FALSE,TRUE,FALSE,FALSE,FALSE,TRUE,,,,,,
,After Drawing Freehand,,,,,,,,,,,,
FALSE,FALSE,FALSE,TRUE,FALSE,FALSE,FALSE,TRUE,,,,,,
FALSE,FALSE,FALSE,TRUE,FALSE,FALSE,FALSE,TRUE,,,,,,
,After Using Eraser,,,,,,,,,,,,
FALSE,FALSE,FALSE,TRUE,FALSE,FALSE,FALSE,TRUE,,,,,,
FALSE,FALSE,FALSE,TRUE,FALSE,FALSE,FALSE,TRUE,,,,,,
,After Using Knife,,,,,,,,,,,,
FALSE,FALSE,FALSE,TRUE,FALSE,FALSE,FALSE,TRUE,,,,,,
FALSE,FALSE,FALSE,TRUE,FALSE,FALSE,FALSE,TRUE,,,,,,
,When Drag Selecting,,,,,,,,,,,,
FALSE,FALSE,FALSE,TRUE,FALSE,FALSE,FALSE,TRUE,,,,,,
FALSE,FALSE,FALSE,TRUE,FALSE,FALSE,FALSE,TRUE,,,,,,
,When Many Shapes Selected,,,,,,,,,,,,
FALSE,FALSE,FALSE,TRUE,FALSE,FALSE,FALSE,TRUE,,,,,,
FALSE,FALSE,FALSE,TRUE,FALSE,FALSE,FALSE,TRUE,,,,,,
,When Right-clicking Subsequent Shapes,,,,,,,,,,,,
FALSE,FALSE,FALSE,TRUE,FALSE,FALSE,FALSE,TRUE,,,,,,
FALSE,FALSE,FALSE,TRUE,FALSE,FALSE,FALSE,TRUE,,,,,,
,Show Bezier Control Handles for,,,,,,,,,,,,
FALSE,FALSE,FALSE,TRUE,FALSE,FALSE,FALSE,TRUE,,,,,,
FALSE,FALSE,FALSE,TRUE,FALSE,FALSE,FALSE,TRUE,,,,,,
,When Using Subtract and Subtract All,,,,,,,,,,,,
FALSE,FALSE,FALSE,TRUE,FALSE,FALSE,FALSE,TRUE,,,,,,
FALSE,FALSE,FALSE,TRUE,FALSE,FALSE,FALSE,TRUE,,,,,,
,When Using Eraser and Knife,,,,,,,,,,,,
FALSE,FALSE,FALSE,TRUE,FALSE,FALSE,FALSE,TRUE,,,,,,
FALSE,FALSE,FALSE,TRUE,FALSE,FALSE,FALSE,TRUE,,,,,,
,Advanced,,,,,,,,,,,,
FALSE,FALSE,FALSE,TRUE,FALSE,FALSE,FALSE,TRUE,,,,,,
FALSE,FALSE,FALSE,TRUE,FALSE,FALSE,FALSE,TRUE,,,,,,
FALSE,FALSE,FALSE,TRUE,FALSE,FALSE,FALSE,TRUE,,,,,,
,OpenGL Settings,,,,,,,,,,,,
FALSE,FALSE,FALSE,TRUE,FALSE,FALSE,FALSE,TRUE,,,,,,
FALSE,FALSE,FALSE,TRUE,FALSE,FALSE,FALSE,TRUE,,,,,,
,HTTP Sockets,,,,,,,,,,,,
FALSE,FALSE,FALSE,TRUE,FALSE,FALSE,FALSE,TRUE,,,,,,
,Use IME,,,,,,,,,,,,
FALSE,FALSE,FALSE,TRUE,FALSE,FALSE,FALSE,TRUE,,,,,,
,Proxy Settings,,,,,,,,,,,,
FALSE,FALSE,FALSE,TRUE,FALSE,FALSE,FALSE,TRUE,,,,,,
FALSE,FALSE,FALSE,TRUE,FALSE,FALSE,FALSE,TRUE,,,,,,
FALSE,FALSE,FALSE,TRUE,FALSE,FALSE,FALSE,TRUE,,,,,,
,Packet Size,,,,,,,,,,,,
FALSE,FALSE,FALSE,TRUE,FALSE,FALSE,FALSE,TRUE,,,,,,
FALSE,FALSE,FALSE,TRUE,FALSE,FALSE,FALSE,TRUE,,,,,,
FALSE,FALSE,FALSE,TRUE,FALSE,FALSE,FALSE,TRUE,,,,,,
FALSE,FALSE,FALSE,TRUE,FALSE,FALSE,FALSE,TRUE,,,,,,
FALSE,FALSE,FALSE,TRUE,FALSE,FALSE,FALSE,TRUE,,,,,,
,Saving to .studio3 Format,,,,,,,,,,,,
FALSE,FALSE,FALSE,TRUE,FALSE,FALSE,FALSE,TRUE,,,,,,
,Software Overcut,,,,,,,,,,,,
FALSE,FALSE,FALSE,TRUE,FALSE,FALSE,FALSE,TRUE,,,,,,
FALSE,FALSE,FALSE,TRUE,FALSE,FALSE,FALSE,TRUE,,,,,,
,Stipple,,,,,,,,,,,,
,Basic Stipple,,,,,,,,,,,,
FALSE,FALSE,FALSE,TRUE,FALSE,FALSE,FALSE,TRUE,,,,,,
FALSE,FALSE,FALSE,TRUE,FALSE,FALSE,FALSE,TRUE,,,,,,
FALSE,FALSE,FALSE,TRUE,FALSE,FALSE,FALSE,TRUE,,,,,,
FALSE,FALSE,FALSE,TRUE,FALSE,FALSE,FALSE,TRUE,,,,,,
FALSE,FALSE,FALSE,TRUE,FALSE,FALSE,FALSE,TRUE,,,,,,
FALSE,FALSE,FALSE,TRUE,FALSE,FALSE,FALSE,TRUE,,,,,,
FALSE,FALSE,FALSE,TRUE,FALSE,FALSE,FALSE,TRUE,,,,,,
FALSE,FALSE,FALSE,TRUE,FALSE,FALSE,FALSE,TRUE,,,,,,
FALSE,FALSE,FALSE,TRUE,FALSE,FALSE,FALSE,TRUE,,,,,,
FALSE,FALSE,FALSE,TRUE,FALSE,FALSE,FALSE,TRUE,,,,,,
FALSE,FALSE,FALSE,TRUE,FALSE,FALSE,FALSE,TRUE,,,,,,
FALSE,FALSE,FALSE,TRUE,FALSE,FALSE,FALSE,TRUE,,,,,,
FALSE,FALSE,FALSE,TRUE,FALSE,FALSE,FALSE,TRUE,,,,,,
FALSE,FALSE,FALSE,TRUE,FALSE,FALSE,FALSE,TRUE,,,,,,
FALSE,FALSE,FALSE,TRUE,FALSE,FALSE,FALSE,TRUE,,,,,,
FALSE,FALSE,FALSE,TRUE,FALSE,FALSE,FALSE,TRUE,,,,,,
FALSE,FALSE,FALSE,TRUE,FALSE,FALSE,FALSE,TRUE,,,,,,
FALSE,FALSE,FALSE,TRUE,FALSE,FALSE,FALSE,TRUE,,,,,,
FALSE,FALSE,FALSE,TRUE,FALSE,FALSE,FALSE,TRUE,,,,,,
FALSE,FALSE,FALSE,TRUE,FALSE,FALSE,FALSE,TRUE,,,,,,
FALSE,FALSE,FALSE,TRUE,FALSE,FALSE,FALSE,TRUE,,,,,,
FALSE,FALSE,FALSE,TRUE,FALSE,FALSE,FALSE,TRUE,,,,,,
FALSE,FALSE,FALSE,TRUE,FALSE,FALSE,FALSE,TRUE,,,,,,
FALSE,FALSE,FALSE,TRUE,FALSE,FALSE,FALSE,TRUE,,,,,,
FALSE,FALSE,FALSE,TRUE,FALSE,FALSE,FALSE,TRUE,,,,,,
FALSE,FALSE,FALSE,TRUE,FALSE,FALSE,FALSE,TRUE,,,,,,
FALSE,FALSE,FALSE,TRUE,FALSE,FALSE,FALSE,TRUE,,,,,,
FALSE,FALSE,FALSE,TRUE,FALSE,FALSE,FALSE,TRUE,,,,,,
FALSE,FALSE,FALSE,TRUE,FALSE,FALSE,FALSE,TRUE,,,,,,
FALSE,FALSE,FALSE,TRUE,FALSE,FALSE,FALSE,TRUE,,,,,,
FALSE,FALSE,FALSE,TRUE,FALSE,FALSE,FALSE,TRUE,,,,,,
FALSE,FALSE,FALSE,TRUE,FALSE,FALSE,FALSE,TRUE,,,,,,
FALSE,FALSE,FALSE,TRUE,FALSE,FALSE,FALSE,TRUE,,,,,,
FALSE,FALSE,FALSE,TRUE,FALSE,FALSE,FALSE,TRUE,,,,,,
FALSE,FALSE,FALSE,TRUE,FALSE,FALSE,FALSE,TRUE,,,,,,
FALSE,FALSE,FALSE,TRUE,FALSE,FALSE,FALSE,TRUE,,,,,,
FALSE,FALSE,FALSE,TRUE,FALSE,FALSE,FALSE,TRUE,,,,,,
FALSE,FALSE,FALSE,TRUE,FALSE,FALSE,FALSE,TRUE,,,,,,
FALSE,FALSE,FALSE,TRUE,FALSE,FALSE,FALSE,TRUE,,,,,,
FALSE,FALSE,FALSE,TRUE,FALSE,FALSE,FALSE,TRUE,,,,,,
FALSE,FALSE,FALSE,TRUE,FALSE,FALSE,FALSE,TRUE,,,,,,
FALSE,FALSE,FALSE,TRUE,FALSE,FALSE,FALSE,TRUE,,,,,,
FALSE,FALSE,FALSE,TRUE,FALSE,FALSE,FALSE,TRUE,,,,,,
FALSE,FALSE,FALSE,TRUE,FALSE,FALSE,FALSE,TRUE,,,,,,
FALSE,FALSE,FALSE,TRUE,FALSE,FALSE,FALSE,TRUE,,,,,,
FALSE,FALSE,FALSE,TRUE,FALSE,FALSE,FALSE,TRUE,,,,,,
FALSE,FALSE,FALSE,TRUE,FALSE,FALSE,FALSE,TRUE,,,,,,
,Stipple Trace,,,,,,,,,,,,
FALSE,FALSE,FALSE,TRUE,FALSE,FALSE,FALSE,TRUE,,,,,,
FALSE,FALSE,FALSE,TRUE,FALSE,FALSE,FALSE,TRUE,,,,,,
FALSE,FALSE,FALSE,TRUE,FALSE,FALSE,FALSE,TRUE,,,,,,
FALSE,FALSE,FALSE,TRUE,FALSE,FALSE,FALSE,TRUE,,,,,,
FALSE,FALSE,FALSE,TRUE,FALSE,FALSE,FALSE,TRUE,,,,,,
FALSE,FALSE,FALSE,TRUE,FALSE,FALSE,FALSE,TRUE,,,,,,
FALSE,FALSE,FALSE,TRUE,FALSE,FALSE,FALSE,TRUE,,,,,,
FALSE,FALSE,FALSE,TRUE,FALSE,FALSE,FALSE,TRUE,,,,,,
FALSE,FALSE,FALSE,TRUE,FALSE,FALSE,FALSE,TRUE,,,,,,
FALSE,FALSE,FALSE,TRUE,FALSE,FALSE,FALSE,TRUE,,,,,,
FALSE,FALSE,FALSE,TRUE,FALSE,FALSE,FALSE,TRUE,,,,,,
FALSE,FALSE,FALSE,TRUE,FALSE,FALSE,FALSE,TRUE,,,,,,
FALSE,FALSE,FALSE,TRUE,FALSE,FALSE,FALSE,TRUE,,,,,,
FALSE,FALSE,FALSE,TRUE,FALSE,FALSE,FALSE,TRUE,,,,,,
FALSE,FALSE,FALSE,TRUE,FALSE,FALSE,FALSE,TRUE,,,,,,
FALSE,FALSE,FALSE,TRUE,FALSE,FALSE,FALSE,TRUE,,,,,,
FALSE,FALSE,FALSE,TRUE,FALSE,FALSE,FALSE,TRUE,,,,,,
FALSE,FALSE,FALSE,TRUE,FALSE,FALSE,FALSE,TRUE,,,,,,
FALSE,FALSE,FALSE,TRUE,FALSE,FALSE,FALSE,TRUE,,,,,,
FALSE,FALSE,FALSE,TRUE,FALSE,FALSE,FALSE,TRUE,,,,,,
FALSE,FALSE,FALSE,TRUE,FALSE,FALSE,FALSE,TRUE,,,,,,
,Emboss,,,,,,,,,,,,
,Basic Embossing,,,,,,,,,,,,
FALSE,FALSE,FALSE,TRUE,FALSE,FALSE,FALSE,TRUE,,,,,,
FALSE,FALSE,FALSE,TRUE,FALSE,FALSE,FALSE,TRUE,,,,,,
FALSE,FALSE,FALSE,TRUE,FALSE,FALSE,FALSE,TRUE,,,,,,
FALSE,FALSE,FALSE,TRUE,FALSE,FALSE,FALSE,TRUE,,,,,,
FALSE,FALSE,FALSE,TRUE,FALSE,FALSE,FALSE,TRUE,,,,,,
FALSE,FALSE,FALSE,TRUE,FALSE,FALSE,FALSE,TRUE,,,,,,
FALSE,FALSE,FALSE,TRUE,FALSE,FALSE,FALSE,TRUE,,,,,,
FALSE,FALSE,FALSE,TRUE,FALSE,FALSE,FALSE,TRUE,,,,,,
FALSE,FALSE,FALSE,TRUE,FALSE,FALSE,FALSE,TRUE,,,,,,
FALSE,FALSE,FALSE,TRUE,FALSE,FALSE,FALSE,TRUE,,,,,,
,Score & Emboss,,,,,,,,,,,,
FALSE,FALSE,FALSE,TRUE,FALSE,FALSE,FALSE,TRUE,,,,,,
FALSE,FALSE,FALSE,TRUE,FALSE,FALSE,FALSE,TRUE,,,,,,
FALSE,FALSE,FALSE,TRUE,FALSE,FALSE,FALSE,TRUE,,,,,,
FALSE,FALSE,FALSE,TRUE,FALSE,FALSE,FALSE,TRUE,,,,,,
FALSE,FALSE,FALSE,TRUE,FALSE,FALSE,FALSE,TRUE,,,,,,
,Print & Emboss,,,,,,,,,,,,
FALSE,FALSE,FALSE,TRUE,FALSE,FALSE,FALSE,TRUE,,,,,,
FALSE,FALSE,FALSE,TRUE,FALSE,FALSE,FALSE,TRUE,,,,,,
FALSE,FALSE,FALSE,TRUE,FALSE,FALSE,FALSE,TRUE,,,,,,
,Cut Transformations,,,,,,,,,,,,
,CAMEO Cutter - Set 1,,,,,,,,,,,,
FALSE,FALSE,FALSE,TRUE,FALSE,FALSE,FALSE,TRUE,,,,,,
FALSE,FALSE,FALSE,TRUE,FALSE,FALSE,FALSE,TRUE,,,,,,
FALSE,FALSE,FALSE,TRUE,FALSE,FALSE,FALSE,TRUE,,,,,,
,CAMEO Cutter - Set 2,,,,,,,,,,,,
FALSE,FALSE,FALSE,TRUE,FALSE,FALSE,FALSE,TRUE,,,,,,
FALSE,FALSE,FALSE,TRUE,FALSE,FALSE,FALSE,TRUE,,,,,,
FALSE,FALSE,FALSE,TRUE,FALSE,FALSE,FALSE,TRUE,,,,,,
,CAMEO Cutter - Set 3,,,,,,,,,,,,
FALSE,FALSE,FALSE,TRUE,FALSE,FALSE,FALSE,TRUE,,,,,,
FALSE,FALSE,FALSE,TRUE,FALSE,FALSE,FALSE,TRUE,,,,,,
FALSE,FALSE,FALSE,TRUE,FALSE,FALSE,FALSE,TRUE,,,,,,
FALSE,FALSE,FALSE,TRUE,FALSE,FALSE,FALSE,TRUE,,,,,,
,CAMEO Cutter - Set 4,,,,,,,,,,,,
FALSE,FALSE,FALSE,TRUE,FALSE,FALSE,FALSE,TRUE,,,,,,
FALSE,FALSE,FALSE,TRUE,FALSE,FALSE,FALSE,TRUE,,,,,,
FALSE,FALSE,FALSE,TRUE,FALSE,FALSE,FALSE,TRUE,,,,,,
FALSE,FALSE,FALSE,TRUE,FALSE,FALSE,FALSE,TRUE,,,,,,
,CAMEO Cutter - Set 5,,,,,,,,,,,,
FALSE,FALSE,FALSE,TRUE,FALSE,FALSE,FALSE,TRUE,,,,,,
FALSE,FALSE,FALSE,TRUE,FALSE,FALSE,FALSE,TRUE,,,,,,
FALSE,FALSE,FALSE,TRUE,FALSE,FALSE,FALSE,TRUE,,,,,,
FALSE,FALSE,FALSE,TRUE,FALSE,FALSE,FALSE,TRUE,,,,,,
,CAMEO Cutter - Set 6,,,,,,,,,,,,
FALSE,FALSE,FALSE,TRUE,FALSE,FALSE,FALSE,TRUE,,,,,,
FALSE,FALSE,FALSE,TRUE,FALSE,FALSE,FALSE,TRUE,,,,,,
FALSE,FALSE,FALSE,TRUE,FALSE,FALSE,FALSE,TRUE,,,,,,
FALSE,FALSE,FALSE,TRUE,FALSE,FALSE,FALSE,TRUE,,,,,,
,CAMEO2 Cutter - Set 1,,,,,,,,,,,,
FALSE,FALSE,FALSE,TRUE,FALSE,FALSE,FALSE,TRUE,,,,,,
FALSE,FALSE,FALSE,TRUE,FALSE,FALSE,FALSE,TRUE,,,,,,
FALSE,FALSE,FALSE,TRUE,FALSE,FALSE,FALSE,TRUE,,,,,,
,CAMEO2 Cutter - Set 2,,,,,,,,,,,,
FALSE,FALSE,FALSE,TRUE,FALSE,FALSE,FALSE,TRUE,,,,,,
FALSE,FALSE,FALSE,TRUE,FALSE,FALSE,FALSE,TRUE,,,,,,
FALSE,FALSE,FALSE,TRUE,FALSE,FALSE,FALSE,TRUE,,,,,,
,CAMEO2 Cutter - Set 3,,,,,,,,,,,,
FALSE,FALSE,FALSE,TRUE,FALSE,FALSE,FALSE,TRUE,,,,,,
FALSE,FALSE,FALSE,TRUE,FALSE,FALSE,FALSE,TRUE,,,,,,
FALSE,FALSE,FALSE,TRUE,FALSE,FALSE,FALSE,TRUE,,,,,,
FALSE,FALSE,FALSE,TRUE,FALSE,FALSE,FALSE,TRUE,,,,,,
,CAMEO2 Cutter - Set 4,,,,,,,,,,,,
FALSE,FALSE,FALSE,TRUE,FALSE,FALSE,FALSE,TRUE,,,,,,
FALSE,FALSE,FALSE,TRUE,FALSE,FALSE,FALSE,TRUE,,,,,,
FALSE,FALSE,FALSE,TRUE,FALSE,FALSE,FALSE,TRUE,,,,,,
FALSE,FALSE,FALSE,TRUE,FALSE,FALSE,FALSE,TRUE,,,,,,
,CAMEO2 Cutter - Set 5,,,,,,,,,,,,
FALSE,FALSE,FALSE,TRUE,FALSE,FALSE,FALSE,TRUE,,,,,,
FALSE,FALSE,FALSE,TRUE,FALSE,FALSE,FALSE,TRUE,,,,,,
FALSE,FALSE,FALSE,TRUE,FALSE,FALSE,FALSE,TRUE,,,,,,
FALSE,FALSE,FALSE,TRUE,FALSE,FALSE,FALSE,TRUE,,,,,,
,CAMEO2 Cutter - Set 6,,,,,,,,,,,,
FALSE,FALSE,FALSE,TRUE,FALSE,FALSE,FALSE,TRUE,,,,,,
FALSE,FALSE,FALSE,TRUE,FALSE,FALSE,FALSE,TRUE,,,,,,
FALSE,FALSE,FALSE,TRUE,FALSE,FALSE,FALSE,TRUE,,,,,,
FALSE,FALSE,FALSE,TRUE,FALSE,FALSE,FALSE,TRUE,,,,,,
,CAMEO3 Cutter - Set 1,,,,,,,,,,,,
FALSE,FALSE,FALSE,TRUE,FALSE,FALSE,FALSE,TRUE,,,,,,
FALSE,FALSE,FALSE,TRUE,FALSE,FALSE,FALSE,TRUE,,,,,,
FALSE,FALSE,FALSE,TRUE,FALSE,FALSE,FALSE,TRUE,,,,,,
,CAMEO3 Bluetooth Cutter - Set 2,,,,,,,,,,,,
FALSE,FALSE,FALSE,TRUE,FALSE,FALSE,FALSE,TRUE,,,,,,
FALSE,FALSE,FALSE,TRUE,FALSE,FALSE,FALSE,TRUE,,,,,,
FALSE,FALSE,FALSE,TRUE,FALSE,FALSE,FALSE,TRUE,,,,,,
,CAMEO3 Cutter - Set 3,,,,,,,,,,,,
FALSE,FALSE,FALSE,TRUE,FALSE,FALSE,FALSE,TRUE,,,,,,
FALSE,FALSE,FALSE,TRUE,FALSE,FALSE,FALSE,TRUE,,,,,,
FALSE,FALSE,FALSE,TRUE,FALSE,FALSE,FALSE,TRUE,,,,,,
FALSE,FALSE,FALSE,TRUE,FALSE,FALSE,FALSE,TRUE,,,,,,
,CAMEO3 Cutter - Set 4,,,,,,,,,,,,
FALSE,FALSE,FALSE,TRUE,FALSE,FALSE,FALSE,TRUE,,,,,,
FALSE,FALSE,FALSE,TRUE,FALSE,FALSE,FALSE,TRUE,,,,,,
FALSE,FALSE,FALSE,TRUE,FALSE,FALSE,FALSE,TRUE,,,,,,
FALSE,FALSE,FALSE,TRUE,FALSE,FALSE,FALSE,TRUE,,,,,,
,CAMEO3 Cutter - Set 5,,,,,,,,,,,,
FALSE,FALSE,FALSE,TRUE,FALSE,FALSE,FALSE,TRUE,,,,,,
FALSE,FALSE,FALSE,TRUE,FALSE,FALSE,FALSE,TRUE,,,,,,
FALSE,FALSE,FALSE,TRUE,FALSE,FALSE,FALSE,TRUE,,,,,,
FALSE,FALSE,FALSE,TRUE,FALSE,FALSE,FALSE,TRUE,,,,,,
,CAMEO3 Cutter - Set 6,,,,,,,,,,,,
FALSE,FALSE,FALSE,TRUE,FALSE,FALSE,FALSE,TRUE,,,,,,
FALSE,FALSE,FALSE,TRUE,FALSE,FALSE,FALSE,TRUE,,,,,,
FALSE,FALSE,FALSE,TRUE,FALSE,FALSE,FALSE,TRUE,,,,,,
FALSE,FALSE,FALSE,TRUE,FALSE,FALSE,FALSE,TRUE,,,,,,
,Portrait Cutter - Set 1,,,,,,,,,,,,
FALSE,FALSE,FALSE,TRUE,FALSE,FALSE,FALSE,TRUE,,,,,,
FALSE,FALSE,FALSE,TRUE,FALSE,FALSE,FALSE,TRUE,,,,,,
,Portrait Cutter - Set 2,,,,,,,,,,,,
FALSE,FALSE,FALSE,TRUE,FALSE,FALSE,FALSE,TRUE,,,,,,
FALSE,FALSE,FALSE,TRUE,FALSE,FALSE,FALSE,TRUE,,,,,,
,Portrait Cutter - Set 3,,,,,,,,,,,,
FALSE,FALSE,FALSE,TRUE,FALSE,FALSE,FALSE,TRUE,,,,,,
FALSE,FALSE,FALSE,TRUE,FALSE,FALSE,FALSE,TRUE,,,,,,
,Portrait 2 Cutter - Set 1,,,,,,,,,,,,
FALSE,FALSE,FALSE,TRUE,FALSE,FALSE,FALSE,TRUE,,,,,,
FALSE,FALSE,FALSE,TRUE,FALSE,FALSE,FALSE,TRUE,,,,,,
,Portrait 2 Cutter - Set 2,,,,,,,,,,,,
FALSE,FALSE,FALSE,TRUE,FALSE,FALSE,FALSE,TRUE,,,,,,
FALSE,FALSE,FALSE,TRUE,FALSE,FALSE,FALSE,TRUE,,,,,,
,Portrait 2 Cutter - Set 3,,,,,,,,,,,,
FALSE,FALSE,FALSE,TRUE,FALSE,FALSE,FALSE,TRUE,,,,,,
FALSE,FALSE,FALSE,TRUE,FALSE,FALSE,FALSE,TRUE,,,,,,
,Portrait 2 Cutter - Bluetooth,,,,,,,,,,,,
FALSE,FALSE,FALSE,TRUE,FALSE,FALSE,FALSE,TRUE,,,,,,
FALSE,FALSE,FALSE,TRUE,FALSE,FALSE,FALSE,TRUE,,,,,,
,Curio Cutter - Set 1,,,,,,,,,,,,
FALSE,FALSE,FALSE,TRUE,FALSE,FALSE,FALSE,TRUE,,,,,,
,Curio Cutter - Set 2,,,,,,,,,,,,
FALSE,FALSE,FALSE,TRUE,FALSE,FALSE,FALSE,TRUE,,,,,,
FALSE,FALSE,FALSE,TRUE,FALSE,FALSE,FALSE,TRUE,,,,,,
,"Original Cutters (SD, Silhouette, Craft Robo) - Type 2 Reg-Marks",,,,,,,,,,,,
FALSE,FALSE,FALSE,TRUE,FALSE,FALSE,FALSE,TRUE,,,,,,
FALSE,FALSE,FALSE,TRUE,FALSE,FALSE,FALSE,TRUE,,,,,,
FALSE,FALSE,FALSE,TRUE,FALSE,FALSE,FALSE,TRUE,,,,,,
FALSE,FALSE,FALSE,TRUE,FALSE,FALSE,FALSE,TRUE,,,,,,
,Send To Machine,,,,,,,,,,,,
,Material,,,,,,,,,,,,
FALSE,FALSE,FALSE,TRUE,FALSE,FALSE,FALSE,TRUE,,,,,,
FALSE,FALSE,FALSE,TRUE,FALSE,FALSE,FALSE,TRUE,,,,,,
FALSE,FALSE,FALSE,TRUE,FALSE,FALSE,FALSE,TRUE,,,,,,
FALSE,FALSE,FALSE,TRUE,FALSE,FALSE,FALSE,TRUE,,,,,,
,Action,,,,,,,,,,,,
FALSE,FALSE,FALSE,TRUE,FALSE,FALSE,FALSE,TRUE,,,,,,
FALSE,FALSE,FALSE,TRUE,FALSE,FALSE,FALSE,TRUE,,,,,,
,Cut,,,,,,,,,,,,
FALSE,FALSE,FALSE,TRUE,FALSE,FALSE,FALSE,TRUE,,,,,,
FALSE,FALSE,FALSE,TRUE,FALSE,FALSE,FALSE,TRUE,,,,,,
FALSE,FALSE,FALSE,TRUE,FALSE,FALSE,FALSE,TRUE,,,,,,
,Score,,,,,,,,,,,,
FALSE,FALSE,FALSE,TRUE,FALSE,FALSE,FALSE,TRUE,,,,,,
FALSE,FALSE,FALSE,TRUE,FALSE,FALSE,FALSE,TRUE,,,,,,
FALSE,FALSE,FALSE,TRUE,FALSE,FALSE,FALSE,TRUE,,,,,,
,Sketch,,,,,,,,,,,,
FALSE,FALSE,FALSE,TRUE,FALSE,FALSE,FALSE,TRUE,,,,,,
,Emboss,,,,,,,,,,,,
FALSE,FALSE,FALSE,TRUE,FALSE,FALSE,FALSE,TRUE,,,,,,
FALSE,FALSE,FALSE,TRUE,FALSE,FALSE,FALSE,TRUE,,,,,,
,Stipple,,,,,,,,,,,,
FALSE,FALSE,FALSE,TRUE,FALSE,FALSE,FALSE,TRUE,,,,,,
FALSE,FALSE,FALSE,TRUE,FALSE,FALSE,FALSE,TRUE,,,,,,
,Action by,,,,,,,,,,,,
,Simple,,,,,,,,,,,,
FALSE,FALSE,FALSE,TRUE,FALSE,FALSE,FALSE,TRUE,,,,,,
FALSE,FALSE,FALSE,TRUE,FALSE,FALSE,FALSE,TRUE,,,,,,
FALSE,FALSE,FALSE,TRUE,FALSE,FALSE,FALSE,TRUE,,,,,,
,Line Color,,,,,,,,,,,,
FALSE,FALSE,FALSE,TRUE,FALSE,FALSE,FALSE,TRUE,,,,,,
FALSE,FALSE,FALSE,TRUE,FALSE,FALSE,FALSE,TRUE,,,,,,
,Fill Color,,,,,,,,,,,,
FALSE,FALSE,FALSE,TRUE,FALSE,FALSE,FALSE,TRUE,,,,,,
FALSE,FALSE,FALSE,TRUE,FALSE,FALSE,FALSE,TRUE,,,,,,
,Layer,,,,,,,,,,,,
FALSE,FALSE,FALSE,TRUE,FALSE,FALSE,FALSE,TRUE,,,,,,
FALSE,FALSE,FALSE,TRUE,FALSE,FALSE,FALSE,TRUE,,,,,,
,Edit Materials,,,,,,,,,,,,
,Edit Cut settings,,,,,,,,,,,,
FALSE,FALSE,FALSE,TRUE,FALSE,FALSE,FALSE,TRUE,,,,,,
FALSE,FALSE,FALSE,TRUE,FALSE,FALSE,FALSE,TRUE,,,,,,
FALSE,FALSE,FALSE,TRUE,FALSE,FALSE,FALSE,TRUE,,,,,,
FALSE,FALSE,FALSE,TRUE,FALSE,FALSE,FALSE,TRUE,,,,,,
FALSE,FALSE,FALSE,TRUE,FALSE,FALSE,FALSE,TRUE,,,,,,
FALSE,FALSE,FALSE,TRUE,FALSE,FALSE,FALSE,TRUE,,,,,,
FALSE,FALSE,FALSE,TRUE,FALSE,FALSE,FALSE,TRUE,,,,,,
FALSE,FALSE,FALSE,TRUE,FALSE,FALSE,FALSE,TRUE,,,,,,
FALSE,FALSE,FALSE,TRUE,FALSE,FALSE,FALSE,TRUE,,,,,,
,Edit Score settings,,,,,,,,,,,,
FALSE,FALSE,FALSE,TRUE,FALSE,FALSE,FALSE,TRUE,,,,,,
FALSE,FALSE,FALSE,TRUE,FALSE,FALSE,FALSE,TRUE,,,,,,
FALSE,FALSE,FALSE,TRUE,FALSE,FALSE,FALSE,TRUE,,,,,,
FALSE,FALSE,FALSE,TRUE,FALSE,FALSE,FALSE,TRUE,,,,,,
FALSE,FALSE,FALSE,TRUE,FALSE,FALSE,FALSE,TRUE,,,,,,
FALSE,FALSE,FALSE,TRUE,FALSE,FALSE,FALSE,TRUE,,,,,,
FALSE,FALSE,FALSE,TRUE,FALSE,FALSE,FALSE,TRUE,,,,,,
FALSE,FALSE,FALSE,TRUE,FALSE,FALSE,FALSE,TRUE,,,,,,
FALSE,FALSE,FALSE,TRUE,FALSE,FALSE,FALSE,TRUE,,,,,,
,Edit Sketch settings,,,,,,,,,,,,
FALSE,FALSE,FALSE,TRUE,FALSE,FALSE,FALSE,TRUE,,,,,,
FALSE,FALSE,FALSE,TRUE,FALSE,FALSE,FALSE,TRUE,,,,,,
FALSE,FALSE,FALSE,TRUE,FALSE,FALSE,FALSE,TRUE,,,,,,
FALSE,FALSE,FALSE,TRUE,FALSE,FALSE,FALSE,TRUE,,,,,,
FALSE,FALSE,FALSE,TRUE,FALSE,FALSE,FALSE,TRUE,,,,,,
,Edit Emboss settings,,,,,,,,,,,,
FALSE,FALSE,FALSE,TRUE,FALSE,FALSE,FALSE,TRUE,,,,,,
FALSE,FALSE,FALSE,TRUE,FALSE,FALSE,FALSE,TRUE,,,,,,
FALSE,FALSE,FALSE,TRUE,FALSE,FALSE,FALSE,TRUE,,,,,,
FALSE,FALSE,FALSE,TRUE,FALSE,FALSE,FALSE,TRUE,,,,,,
FALSE,FALSE,FALSE,TRUE,FALSE,FALSE,FALSE,TRUE,,,,,,
,Edit Stipple settings,,,,,,,,,,,,
FALSE,FALSE,FALSE,TRUE,FALSE,FALSE,FALSE,TRUE,,,,,,
FALSE,FALSE,FALSE,TRUE,FALSE,FALSE,FALSE,TRUE,,,,,,
FALSE,FALSE,FALSE,TRUE,FALSE,FALSE,FALSE,TRUE,,,,,,
FALSE,FALSE,FALSE,TRUE,FALSE,FALSE,FALSE,TRUE,,,,,,
FALSE,FALSE,FALSE,TRUE,FALSE,FALSE,FALSE,TRUE,,,,,,
FALSE,FALSE,FALSE,TRUE,FALSE,FALSE,FALSE,TRUE,,,,,,
FALSE,FALSE,FALSE,TRUE,FALSE,FALSE,FALSE,TRUE,,,,,,
,Advanced,,,,,,,,,,,,
FALSE,FALSE,FALSE,TRUE,FALSE,FALSE,FALSE,TRUE,,,,,,
,Feed Options,,,,,,,,,,,,
FALSE,FALSE,FALSE,TRUE,FALSE,FALSE,FALSE,TRUE,,,,,,
FALSE,FALSE,FALSE,TRUE,FALSE,FALSE,FALSE,TRUE,,,,,,
,Layer Sorting,,,,,,,,,,,,
FALSE,FALSE,FALSE,TRUE,FALSE,FALSE,FALSE,TRUE,,,,,,
FALSE,FALSE,FALSE,TRUE,FALSE,FALSE,FALSE,TRUE,,,,,,
,Cut Line Sorting,,,,,,,,,,,,
FALSE,FALSE,FALSE,TRUE,FALSE,FALSE,FALSE,TRUE,,,,,,
FALSE,FALSE,FALSE,TRUE,FALSE,FALSE,FALSE,TRUE,,,,,,
FALSE,FALSE,FALSE,TRUE,FALSE,FALSE,FALSE,TRUE,,,,,,
FALSE,FALSE,FALSE,TRUE,FALSE,FALSE,FALSE,TRUE,,,,,,
,Stipple sorting,,,,,,,,,,,,
FALSE,FALSE,FALSE,TRUE,FALSE,FALSE,FALSE,TRUE,,,,,,
FALSE,FALSE,FALSE,TRUE,FALSE,FALSE,FALSE,TRUE,,,,,,
FALSE,FALSE,FALSE,TRUE,FALSE,FALSE,FALSE,TRUE,,,,,,
,Display,,,,,,,,,,,,
FALSE,FALSE,FALSE,TRUE,FALSE,FALSE,FALSE,TRUE,,,,,,
,Multi-Tool Support,,,,,,,,,,,,
FALSE,FALSE,FALSE,TRUE,FALSE,FALSE,FALSE,TRUE,,,,,,
FALSE,FALSE,FALSE,TRUE,FALSE,FALSE,FALSE,TRUE,,,,,,
,Cutting,,,,,,,,,,,,
FALSE,FALSE,FALSE,TRUE,FALSE,FALSE,FALSE,TRUE,,,,,,
FALSE,FALSE,FALSE,TRUE,FALSE,FALSE,FALSE,TRUE,,,,,,
,Shortcuts,,,,,,,,,,,,
,Document Tools,,,,,,,,,,,,
FALSE,FALSE,FALSE,TRUE,FALSE,FALSE,FALSE,TRUE,,,,,,
FALSE,FALSE,FALSE,TRUE,FALSE,FALSE,FALSE,TRUE,,,,,,
FALSE,FALSE,FALSE,TRUE,FALSE,FALSE,FALSE,TRUE,,,,,,
FALSE,FALSE,FALSE,TRUE,FALSE,FALSE,FALSE,TRUE,,,,,,
FALSE,FALSE,FALSE,TRUE,FALSE,FALSE,FALSE,TRUE,,,,,,
FALSE,FALSE,FALSE,TRUE,FALSE,FALSE,FALSE,TRUE,,,,,,
FALSE,FALSE,FALSE,TRUE,FALSE,FALSE,FALSE,TRUE,,,,,,
FALSE,FALSE,FALSE,TRUE,FALSE,FALSE,FALSE,TRUE,,,,,,
FALSE,FALSE,FALSE,TRUE,FALSE,FALSE,FALSE,TRUE,,,,,,
FALSE,FALSE,FALSE,TRUE,FALSE,FALSE,FALSE,TRUE,,,,,,
FALSE,FALSE,FALSE,TRUE,FALSE,FALSE,FALSE,TRUE,,,,,,
FALSE,FALSE,FALSE,TRUE,FALSE,FALSE,FALSE,TRUE,,,,,,
,Cutting & Settings,,,,,,,,,,,,
FALSE,FALSE,FALSE,TRUE,FALSE,FALSE,FALSE,TRUE,,,,,,
FALSE,FALSE,FALSE,TRUE,FALSE,FALSE,FALSE,TRUE,,,,,,
FALSE,FALSE,FALSE,TRUE,FALSE,FALSE,FALSE,TRUE,,,,,,
FALSE,FALSE,FALSE,TRUE,FALSE,FALSE,FALSE,TRUE,,,,,,
FALSE,FALSE,FALSE,TRUE,FALSE,FALSE,FALSE,TRUE,,,,,,
FALSE,FALSE,FALSE,TRUE,FALSE,FALSE,FALSE,TRUE,,,,,,
FALSE,FALSE,FALSE,TRUE,FALSE,FALSE,FALSE,TRUE,,,,,,
FALSE,FALSE,FALSE,TRUE,FALSE,FALSE,FALSE,TRUE,,,,,,
,Editing Tools,,,,,,,,,,,,
FALSE,FALSE,FALSE,TRUE,FALSE,FALSE,FALSE,TRUE,,,,,,
FALSE,FALSE,FALSE,TRUE,FALSE,FALSE,FALSE,TRUE,,,,,,
FALSE,FALSE,FALSE,TRUE,FALSE,FALSE,FALSE,TRUE,,,,,,
FALSE,FALSE,FALSE,TRUE,FALSE,FALSE,FALSE,TRUE,,,,,,
FALSE,FALSE,FALSE,TRUE,FALSE,FALSE,FALSE,TRUE,,,,,,
FALSE,FALSE,FALSE,TRUE,FALSE,FALSE,FALSE,TRUE,,,,,,
FALSE,FALSE,FALSE,TRUE,FALSE,FALSE,FALSE,TRUE,,,,,,
FALSE,FALSE,FALSE,TRUE,FALSE,FALSE,FALSE,TRUE,,,,,,
FALSE,FALSE,FALSE,TRUE,FALSE,FALSE,FALSE,TRUE,,,,,,
FALSE,FALSE,FALSE,TRUE,FALSE,FALSE,FALSE,TRUE,,,,,,
FALSE,FALSE,FALSE,TRUE,FALSE,FALSE,FALSE,TRUE,,,,,,
FALSE,FALSE,FALSE,TRUE,FALSE,FALSE,FALSE,TRUE,,,,,,
FALSE,FALSE,FALSE,TRUE,FALSE,FALSE,FALSE,TRUE,,,,,,
FALSE,FALSE,FALSE,TRUE,FALSE,FALSE,FALSE,TRUE,,,,,,
,Desgin Tools,,,,,,,,,,,,
FALSE,FALSE,FALSE,TRUE,FALSE,FALSE,FALSE,TRUE,,,,,,
FALSE,FALSE,FALSE,TRUE,FALSE,FALSE,FALSE,TRUE,,,,,,
FALSE,FALSE,FALSE,TRUE,FALSE,FALSE,FALSE,TRUE,,,,,,
FALSE,FALSE,FALSE,TRUE,FALSE,FALSE,FALSE,TRUE,,,,,,
FALSE,FALSE,FALSE,TRUE,FALSE,FALSE,FALSE,TRUE,,,,,,
FALSE,FALSE,FALSE,TRUE,FALSE,FALSE,FALSE,TRUE,,,,,,
3,Drawing Tools,,,,,,,,,,,,
FALSE,FALSE,FALSE,TRUE,FALSE,FALSE,FALSE,TRUE,,,,,,
FALSE,FALSE,FALSE,TRUE,FALSE,FALSE,FALSE,TRUE,,,,,,
FALSE,FALSE,FALSE,TRUE,FALSE,FALSE,FALSE,TRUE,,,,,,
FALSE,FALSE,FALSE,TRUE,FALSE,FALSE,FALSE,TRUE,,,,,,
FALSE,FALSE,FALSE,TRUE,FALSE,FALSE,FALSE,TRUE,,,,,,
FALSE,FALSE,FALSE,TRUE,FALSE,FALSE,FALSE,TRUE,,,,,,
FALSE,FALSE,FALSE,TRUE,FALSE,FALSE,FALSE,TRUE,,,,,,
FALSE,FALSE,FALSE,TRUE,FALSE,FALSE,FALSE,TRUE,,,,,,
FALSE,FALSE,FALSE,TRUE,FALSE,FALSE,FALSE,TRUE,,,,,,
FALSE,FALSE,FALSE,TRUE,FALSE,FALSE,FALSE,TRUE,,,,,,
FALSE,FALSE,FALSE,TRUE,FALSE,FALSE,FALSE,TRUE,,,,,,
FALSE,FALSE,FALSE,TRUE,FALSE,FALSE,FALSE,TRUE,,,,,,
,Zoom Functions,,,,,,,,,,,,
FALSE,FALSE,FALSE,TRUE,FALSE,FALSE,FALSE,TRUE,,,,,,
FALSE,FALSE,FALSE,TRUE,FALSE,FALSE,FALSE,TRUE,,,,,,
FALSE,FALSE,FALSE,TRUE,FALSE,FALSE,FALSE,TRUE,,,,,,
FALSE,FALSE,FALSE,TRUE,FALSE,FALSE,FALSE,TRUE,,,,,,
FALSE,FALSE,FALSE,TRUE,FALSE,FALSE,FALSE,TRUE,,,,,,
,Grid and Worksheet Aids,,,,,,,,,,,,
FALSE,FALSE,FALSE,TRUE,FALSE,FALSE,FALSE,TRUE,,,,,,
FALSE,FALSE,FALSE,TRUE,FALSE,FALSE,FALSE,TRUE,,,,,,
FALSE,FALSE,FALSE,TRUE,FALSE,FALSE,FALSE,TRUE,,,,,,
FALSE,FALSE,FALSE,TRUE,FALSE,FALSE,FALSE,TRUE,,,,,,
FALSE,FALSE,FALSE,TRUE,FALSE,FALSE,FALSE,TRUE,,,,,,
FALSE,FALSE,FALSE,TRUE,FALSE,FALSE,FALSE,TRUE,,,,,,
FALSE,FALSE,FALSE,TRUE,FALSE,FALSE,FALSE,TRUE,,,,,,
,Object Placement,,,,,,,,,,,,
,Arrange,,,,,,,,,,,,
FALSE,FALSE,FALSE,TRUE,FALSE,FALSE,FALSE,TRUE,,,,,,
FALSE,FALSE,FALSE,TRUE,FALSE,FALSE,FALSE,TRUE,,,,,,
FALSE,FALSE,FALSE,TRUE,FALSE,FALSE,FALSE,TRUE,,,,,,
FALSE,FALSE,FALSE,TRUE,FALSE,FALSE,FALSE,TRUE,,,,,,
,Replicate,,,,,,,,,,,,
FALSE,FALSE,FALSE,TRUE,FALSE,FALSE,FALSE,TRUE,,,,,,
FALSE,FALSE,FALSE,TRUE,FALSE,FALSE,FALSE,TRUE,,,,,,
FALSE,FALSE,FALSE,TRUE,FALSE,FALSE,FALSE,TRUE,,,,,,
FALSE,FALSE,FALSE,TRUE,FALSE,FALSE,FALSE,TRUE,,,,,,
FALSE,FALSE,FALSE,TRUE,FALSE,FALSE,FALSE,TRUE,,,,,,
FALSE,FALSE,FALSE,TRUE,FALSE,FALSE,FALSE,TRUE,,,,,,
FALSE,FALSE,FALSE,TRUE,FALSE,FALSE,FALSE,TRUE,,,,,,
FALSE,FALSE,FALSE,TRUE,FALSE,FALSE,FALSE,TRUE,,,,,,
FALSE,FALSE,FALSE,TRUE,FALSE,FALSE,FALSE,TRUE,,,,,,
FALSE,FALSE,FALSE,TRUE,FALSE,FALSE,FALSE,TRUE,,,,,,
FALSE,FALSE,FALSE,TRUE,FALSE,FALSE,FALSE,TRUE,,,,,,
FALSE,FALSE,FALSE,TRUE,FALSE,FALSE,FALSE,TRUE,,,,,,
FALSE,FALSE,FALSE,TRUE,FALSE,FALSE,FALSE,TRUE,,,,,,
FALSE,FALSE,FALSE,TRUE,FALSE,FALSE,FALSE,TRUE,,,,,,
FALSE,FALSE,FALSE,TRUE,FALSE,FALSE,FALSE,TRUE,,,,,,
FALSE,FALSE,FALSE,TRUE,FALSE,FALSE,FALSE,TRUE,,,,,,
FALSE,FALSE,FALSE,TRUE,FALSE,FALSE,FALSE,TRUE,,,,,,